-- phpMyAdmin SQL Dump
-- version 4.7.4
-- https://www.phpmyadmin.net/
--
-- Host: 127.0.0.1:3306
-- Generation Time: Oct 08, 2017 at 07:54 PM
-- Server version: 5.7.19
-- PHP Version: 7.1.9

SET SQL_MODE = "NO_AUTO_VALUE_ON_ZERO";
SET AUTOCOMMIT = 0;
START TRANSACTION;
SET time_zone = "+00:00";


/*!40101 SET @OLD_CHARACTER_SET_CLIENT=@@CHARACTER_SET_CLIENT */;
/*!40101 SET @OLD_CHARACTER_SET_RESULTS=@@CHARACTER_SET_RESULTS */;
/*!40101 SET @OLD_COLLATION_CONNECTION=@@COLLATION_CONNECTION */;
/*!40101 SET NAMES utf8mb4 */;

--
-- Database: `lumen_angularjs`
--

-- --------------------------------------------------------

--
-- Table structure for table `courses`
--

DROP TABLE IF EXISTS `courses`;
CREATE TABLE IF NOT EXISTS `courses` (
  `id` int(10) UNSIGNED NOT NULL AUTO_INCREMENT,
  `title` varchar(255) COLLATE utf8_unicode_ci NOT NULL,
  `description` varchar(255) COLLATE utf8_unicode_ci NOT NULL,
  `value` int(10) UNSIGNED NOT NULL,
  `teacher_id` int(10) UNSIGNED NOT NULL,
  `created_at` timestamp NOT NULL DEFAULT '0000-00-00 00:00:00',
  `updated_at` timestamp NOT NULL DEFAULT '0000-00-00 00:00:00',
  PRIMARY KEY (`id`),
  KEY `courses_teacher_id_foreign` (`teacher_id`)
) ENGINE=MyISAM AUTO_INCREMENT=41 DEFAULT CHARSET=utf8 COLLATE=utf8_unicode_ci;

--
-- Dumping data for table `courses`
--

INSERT INTO `courses` (`id`, `title`, `description`, `value`, `teacher_id`, `created_at`, `updated_at`) VALUES
(1, 'Non est dicta excepturi facilis dolor.', 'Ex quia magni illo consectetur sed deleniti. Vel consequuntur eum et non. Impedit et placeat saepe harum in doloribus. Repudiandae et enim consequatur voluptates consequuntur laboriosam.', 2, 46, '2017-10-07 16:18:50', '2017-10-07 16:18:50'),
(2, 'Rerum consequatur voluptatem vitae.', 'Culpa natus nostrum culpa laborum facere. Ut corporis repellendus perferendis nihil reiciendis enim dolor. Ut quasi iusto ea enim et. Pariatur ipsa accusamus dolor dolorum et.', 3, 37, '2017-10-07 16:18:50', '2017-10-07 16:18:50'),
(3, 'Veniam modi odit.', 'Voluptate necessitatibus sit sint et voluptatum voluptates. Molestias odio voluptatem ducimus voluptas doloribus dolorum. Nihil a est totam qui. Voluptas esse aspernatur autem dolor est et. Id voluptatum minima molestiae facilis itaque fugit qui. Quaerat ', 1, 22, '2017-10-07 16:18:50', '2017-10-07 16:18:50'),
(4, 'Sint repudiandae possimus.', 'Repudiandae doloremque accusamus odit fugit non ad voluptatum quis. Voluptates ex est blanditiis hic dolores molestiae occaecati. Consequatur quas sit cupiditate ducimus nihil atque expedita. Voluptas aut beatae illum minus dignissimos. Adipisci tempore s', 1, 41, '2017-10-07 16:18:50', '2017-10-07 16:18:50'),
(5, 'Optio perferendis aperiam quae illo.', 'Et et corporis reprehenderit porro quia. Accusamus est deleniti velit tempore enim minima. Id alias nihil consequatur autem voluptatem. Quia et assumenda fugit maxime blanditiis. Esse dolorum assumenda suscipit maxime dolorem et. In fugiat harum aperiam q', 4, 32, '2017-10-07 16:18:50', '2017-10-07 16:18:50'),
(6, 'Nobis vero adipisci sit in.', 'Est ut labore in eum eos vitae magnam. Nam maxime mollitia id dolores. Minus consectetur labore vel recusandae rerum. Ullam fugiat voluptatibus doloribus sed corrupti quis velit. Repellendus aspernatur tempora atque necessitatibus facere. Modi adipisci co', 4, 19, '2017-10-07 16:18:50', '2017-10-07 16:18:50'),
(7, 'Est error quia.', 'Dolore repudiandae vero soluta quo dolores quis. Quas rem enim fugiat ad dicta at optio. Qui eum optio eos et. Quo non et suscipit soluta magnam aliquid.', 1, 24, '2017-10-07 16:18:50', '2017-10-07 16:18:50'),
(8, 'Aut dignissimos velit.', 'Eaque dolorum aut necessitatibus odio. Dolorem totam ad voluptas. Omnis velit qui nesciunt officia. Eum nisi qui autem facilis et. Aut doloremque ipsa itaque sint nesciunt quis vel fuga.', 4, 17, '2017-10-07 16:18:50', '2017-10-07 16:18:50'),
(9, 'Iste facere quam voluptatum ipsam.', 'Quaerat est esse et. Et eos doloribus voluptatem quod. Qui quia quo sed quaerat.', 1, 33, '2017-10-07 16:18:50', '2017-10-07 16:18:50'),
(10, 'Commodi labore laboriosam alias.', 'Quia delectus eos modi totam rerum et modi voluptatem. Aut voluptatem praesentium quia sunt ut vero aperiam. Autem ut voluptatibus sapiente in et corporis.', 1, 44, '2017-10-07 16:18:50', '2017-10-07 16:18:50'),
(11, 'Itaque sint at.', 'Quia optio sed quos aut. Qui rerum veniam quidem voluptatem totam dolorem est. Sit quam ab voluptatum dolore non quasi numquam. Molestias aliquid eaque harum. Et quo quae quaerat odit et eligendi. Vero vel molestiae aut hic eligendi velit.', 3, 39, '2017-10-07 16:18:50', '2017-10-07 16:18:50'),
(12, 'Consequuntur nesciunt autem maxime officia et.', 'Totam molestias debitis explicabo eum. Id tempore pariatur sed blanditiis impedit quas. Modi quo cum qui sunt aspernatur. Fugit eum nisi explicabo incidunt. Veritatis voluptatem rerum autem voluptas ipsa officiis.', 1, 4, '2017-10-07 16:18:50', '2017-10-07 16:18:50'),
(13, 'Voluptatibus modi odit quos.', 'Est illum qui id dignissimos consequatur non delectus nihil. Molestias eum debitis molestias omnis rerum magnam dolor. Voluptatem laboriosam tempora cum quasi vero assumenda distinctio. Quidem nobis vel debitis. Ducimus est quod omnis rerum dolore non.', 1, 44, '2017-10-07 16:18:50', '2017-10-07 16:18:50'),
(14, 'Quo accusamus nam.', 'Officiis vero ad voluptas esse hic aut tempora assumenda. Dicta rerum exercitationem est quasi ab porro. Voluptas sed quisquam explicabo ex harum reprehenderit. Ea itaque vero aspernatur quas. Incidunt et mollitia sit repellat. Et eveniet qui ut ut.', 4, 30, '2017-10-07 16:18:50', '2017-10-07 16:18:50'),
(15, 'Et commodi officia enim neque aut.', 'Est animi possimus dolore quia rerum quae quam. Vitae debitis in soluta sapiente sit dignissimos perspiciatis animi. Quaerat molestias facilis ad ipsam et.', 2, 43, '2017-10-07 16:18:50', '2017-10-07 16:18:50'),
(16, 'Nam aut dolore accusantium.', 'Quisquam quia sit nobis enim beatae. Dolorum ea sit qui quia amet explicabo. Iste error in eaque et rerum dolorem. Et iusto ab esse eum neque voluptas explicabo.', 2, 24, '2017-10-07 16:18:50', '2017-10-07 16:18:50'),
(17, 'Ex commodi quo.', 'Velit culpa quo nihil quaerat ut beatae sit. Nisi natus consequatur deleniti. Qui qui expedita totam et temporibus aut perspiciatis. Hic alias nulla maiores eos accusantium est sed.', 4, 50, '2017-10-07 16:18:50', '2017-10-07 16:18:50'),
(18, 'Laboriosam doloribus inventore facere.', 'Veritatis et deserunt rerum autem delectus. Itaque et corrupti et. Neque omnis ut eligendi culpa sunt provident. Tempore eaque qui delectus.', 2, 1, '2017-10-07 16:18:50', '2017-10-07 16:18:50'),
(19, 'Autem et amet.', 'Accusamus ut dolores quia quos explicabo occaecati. Totam quidem pariatur enim nihil dicta. Molestias et pariatur harum quia vel. Recusandae tempora sapiente omnis.', 1, 49, '2017-10-07 16:18:50', '2017-10-07 16:18:50'),
(20, 'Expedita et praesentium ea consequuntur.', 'Et expedita accusantium corrupti qui cupiditate. Ex dolorum sed similique consequatur nobis itaque. Occaecati rerum dolores ut vitae ipsam omnis ea. Expedita delectus accusamus nihil maiores libero adipisci facilis voluptatem. Voluptates ut ad laboriosam ', 1, 42, '2017-10-07 16:18:50', '2017-10-07 16:18:50'),
(21, 'Deserunt non necessitatibus id.', 'Consequatur rem aut est quisquam tenetur doloremque amet. Ut doloribus quo molestiae sequi magnam. Rerum voluptatem facere et et repellat velit nihil. Quia accusantium autem aut iste magnam ducimus sed. Consectetur repellendus animi repudiandae quia optio', 4, 32, '2017-10-07 16:18:50', '2017-10-07 16:18:50'),
(22, 'Non rerum sit in voluptatem.', 'Sit consequatur iste placeat vero ullam omnis. Consequatur autem ut enim vero provident distinctio quo. Rerum ratione quis necessitatibus assumenda dolor necessitatibus. Officiis repellendus ex repellat tenetur consequuntur id doloremque. Sunt aliquid ali', 4, 42, '2017-10-07 16:18:50', '2017-10-07 16:18:50'),
(23, 'Fuga ullam voluptas in.', 'Aut optio dolor distinctio autem architecto ea porro. Sunt aperiam recusandae explicabo explicabo ut. Modi autem quia et eos aut repellendus. Et aspernatur pariatur dignissimos. Omnis quidem animi qui impedit alias tempore. Atque in eum possimus velit ut.', 1, 31, '2017-10-07 16:18:50', '2017-10-07 16:18:50'),
(24, 'Optio itaque enim vel.', 'Dolores architecto quam rerum ut totam. Qui aut dolore exercitationem rerum quaerat fugiat a. Ut et placeat cumque pariatur quasi. Tenetur sit voluptatem vel iure magnam accusamus veritatis. Suscipit illo tempora delectus consequatur assumenda aut consect', 4, 47, '2017-10-07 16:18:50', '2017-10-07 16:18:50'),
(25, 'Magnam laudantium eveniet harum quibusdam.', 'Quidem molestias itaque iure qui animi similique eum. Ut labore dignissimos molestias dolores aut molestiae. Reiciendis et doloribus tenetur placeat minus ducimus explicabo.', 3, 19, '2017-10-07 16:18:50', '2017-10-07 16:18:50'),
(26, 'Deleniti reprehenderit est quis labore odit.', 'Quos in nulla consequatur et nemo dignissimos. Molestiae deserunt quaerat occaecati sunt vitae. Sunt quia fugiat velit sit qui. Quisquam asperiores eligendi voluptates voluptate quam expedita inventore qui. Suscipit libero sunt et. Nesciunt doloribus et p', 2, 30, '2017-10-07 16:18:50', '2017-10-07 16:18:50'),
(27, 'Odio rerum ad doloremque facilis.', 'Sed fuga amet accusamus libero odio mollitia atque. Libero consequatur quaerat consequatur repudiandae dolorem necessitatibus. Molestias ipsam numquam quod a omnis nam. Unde ipsa dicta ut.', 3, 3, '2017-10-07 16:18:50', '2017-10-07 16:18:50'),
(28, 'Rem enim velit.', 'Ut animi quia et excepturi qui. Et numquam sit aut modi. Quod dolorem corrupti natus non ea praesentium aut. Sint laudantium est ipsa architecto molestiae porro.', 2, 43, '2017-10-07 16:18:50', '2017-10-07 16:18:50'),
(29, 'Reiciendis aut quidem molestias accusantium.', 'Similique porro enim eligendi sunt ea. Est aut error necessitatibus non inventore et. Voluptas quibusdam sit at cupiditate facere.', 1, 43, '2017-10-07 16:18:50', '2017-10-07 16:18:50'),
(30, 'Ut est deserunt provident tempore.', 'Unde deleniti error qui possimus nostrum maiores quisquam. Pariatur blanditiis ratione cum et assumenda expedita. Aut magnam temporibus eos qui aut sapiente voluptatem. Id accusamus ut sit enim. Dolores et voluptas cupiditate tempora. Eius hic iusto quis ', 3, 37, '2017-10-07 16:18:50', '2017-10-07 16:18:50'),
(31, 'Error saepe nam nisi dolorem nisi.', 'Esse quis odio saepe sunt corrupti ullam. Voluptatem necessitatibus non iste non aliquam tempora. Eum aliquid ut et quaerat laborum. Enim minus voluptatem dolor eligendi quaerat. Quidem libero distinctio et est sed.', 3, 48, '2017-10-07 16:18:50', '2017-10-07 16:18:50'),
(32, 'Vel aspernatur beatae et officia.', 'Aspernatur praesentium nisi voluptatibus. Eos accusantium voluptas quia molestias consequuntur nihil enim quo. Culpa est in quisquam reiciendis ut. Aut et velit et nesciunt corrupti nulla reiciendis. Fugiat alias vero est ratione porro ea sit et.', 3, 2, '2017-10-07 16:18:50', '2017-10-07 16:18:50'),
(33, 'Laboriosam dignissimos consequuntur quo iure.', 'Voluptatem enim iure amet est ullam praesentium. Consectetur id est officia praesentium quas non accusamus aut. Et quia est sed debitis beatae aspernatur quam. Ipsum labore numquam sint minima. Doloremque numquam qui distinctio tenetur. Libero maiores rer', 1, 18, '2017-10-07 16:18:50', '2017-10-07 16:18:50'),
(34, 'Tenetur quos quisquam molestiae voluptate est.', 'Quia praesentium et vitae quisquam. Aut et ad praesentium ipsa. Vero rerum incidunt eos enim molestiae eum ea. In doloribus odio quas voluptates suscipit non.', 4, 28, '2017-10-07 16:18:50', '2017-10-07 16:18:50'),
(35, 'Quasi eius beatae quibusdam.', 'Sed delectus consectetur pariatur temporibus aut reprehenderit rerum. Ratione laborum dolor voluptatem. Voluptas architecto culpa eos sunt sed. Soluta aut eaque ex exercitationem culpa.', 3, 12, '2017-10-07 16:18:50', '2017-10-07 16:18:50'),
(36, 'Possimus vel voluptas.', 'Aliquid inventore odio incidunt blanditiis maxime. Veniam sequi ut reprehenderit cum quos. Maxime non numquam qui. Deleniti voluptates id consectetur eius voluptatem aspernatur. Quis eaque eaque assumenda illo. Dolore quaerat maiores sint nihil ut magni f', 4, 22, '2017-10-07 16:18:50', '2017-10-07 16:18:50'),
(37, 'Quidem voluptatem sunt voluptatem eum culpa.', 'Eveniet saepe error ullam ex eligendi. Deserunt itaque repellat dignissimos iure blanditiis. Facilis non sed rem. Quis voluptas consequuntur maiores.', 2, 28, '2017-10-07 16:18:50', '2017-10-07 16:18:50'),
(38, 'Eum exercitationem voluptate asperiores.', 'Tempora nesciunt consequuntur impedit ea in et. Non aut ut velit enim. Ut voluptas sunt repellendus doloribus veritatis deserunt consequatur. Sed nam debitis et et eius quia.', 2, 40, '2017-10-07 16:18:50', '2017-10-07 16:18:50'),
(39, 'Aut aspernatur aliquid mollitia perferendis.', 'Doloremque dolorem enim neque maiores. Reprehenderit nihil dolores sit numquam odit qui. Atque fugit dignissimos quod quis. Ad eveniet saepe voluptatem facere aut dolor temporibus illum. Consequuntur cum libero nihil ea.', 1, 7, '2017-10-07 16:18:50', '2017-10-07 16:18:50'),
(40, 'Asperiores ut necessitatibus nobis non aut.', 'Similique non labore eum pariatur maxime nihil. Temporibus harum est qui quas ipsum ab. Dolore delectus laboriosam dolores. Sit hic vitae voluptates eius enim et. Aliquam maiores vitae dolores corporis.', 1, 42, '2017-10-07 16:18:50', '2017-10-07 16:18:50');

-- --------------------------------------------------------

--
-- Table structure for table `course_student`
--

DROP TABLE IF EXISTS `course_student`;
CREATE TABLE IF NOT EXISTS `course_student` (
  `id` int(10) UNSIGNED NOT NULL AUTO_INCREMENT,
  `course_id` int(10) UNSIGNED NOT NULL,
  `student_id` int(10) UNSIGNED NOT NULL,
  PRIMARY KEY (`id`),
  KEY `course_student_course_id_foreign` (`course_id`),
  KEY `course_student_student_id_foreign` (`student_id`)
) ENGINE=MyISAM AUTO_INCREMENT=1601 DEFAULT CHARSET=utf8 COLLATE=utf8_unicode_ci;

--
-- Dumping data for table `course_student`
--

INSERT INTO `course_student` (`id`, `course_id`, `student_id`) VALUES
(1, 1, 8),
(2, 1, 10),
(3, 1, 14),
(4, 1, 49),
(5, 1, 53),
(6, 1, 56),
(7, 1, 69),
(8, 1, 91),
(9, 1, 105),
(10, 1, 125),
(11, 1, 136),
(12, 1, 141),
(13, 1, 153),
(14, 1, 193),
(15, 1, 216),
(16, 1, 241),
(17, 1, 254),
(18, 1, 289),
(19, 1, 294),
(20, 1, 299),
(21, 1, 300),
(22, 1, 308),
(23, 1, 311),
(24, 1, 312),
(25, 1, 333),
(26, 1, 343),
(27, 1, 344),
(28, 1, 345),
(29, 1, 353),
(30, 1, 358),
(31, 1, 359),
(32, 1, 362),
(33, 1, 437),
(34, 1, 444),
(35, 1, 450),
(36, 1, 452),
(37, 1, 478),
(38, 1, 481),
(39, 1, 491),
(40, 1, 499),
(41, 2, 9),
(42, 2, 65),
(43, 2, 68),
(44, 2, 89),
(45, 2, 92),
(46, 2, 101),
(47, 2, 128),
(48, 2, 133),
(49, 2, 161),
(50, 2, 171),
(51, 2, 186),
(52, 2, 187),
(53, 2, 198),
(54, 2, 225),
(55, 2, 232),
(56, 2, 254),
(57, 2, 267),
(58, 2, 289),
(59, 2, 306),
(60, 2, 314),
(61, 2, 319),
(62, 2, 330),
(63, 2, 334),
(64, 2, 344),
(65, 2, 345),
(66, 2, 352),
(67, 2, 373),
(68, 2, 375),
(69, 2, 392),
(70, 2, 410),
(71, 2, 413),
(72, 2, 417),
(73, 2, 430),
(74, 2, 435),
(75, 2, 441),
(76, 2, 443),
(77, 2, 473),
(78, 2, 487),
(79, 2, 496),
(80, 2, 499),
(81, 3, 32),
(82, 3, 37),
(83, 3, 41),
(84, 3, 54),
(85, 3, 70),
(86, 3, 94),
(87, 3, 110),
(88, 3, 143),
(89, 3, 147),
(90, 3, 150),
(91, 3, 157),
(92, 3, 199),
(93, 3, 206),
(94, 3, 212),
(95, 3, 219),
(96, 3, 221),
(97, 3, 225),
(98, 3, 236),
(99, 3, 244),
(100, 3, 252),
(101, 3, 253),
(102, 3, 259),
(103, 3, 267),
(104, 3, 276),
(105, 3, 279),
(106, 3, 282),
(107, 3, 304),
(108, 3, 334),
(109, 3, 348),
(110, 3, 354),
(111, 3, 394),
(112, 3, 425),
(113, 3, 444),
(114, 3, 445),
(115, 3, 446),
(116, 3, 447),
(117, 3, 449),
(118, 3, 460),
(119, 3, 491),
(120, 3, 499),
(121, 4, 6),
(122, 4, 17),
(123, 4, 43),
(124, 4, 47),
(125, 4, 59),
(126, 4, 87),
(127, 4, 89),
(128, 4, 115),
(129, 4, 120),
(130, 4, 142),
(131, 4, 144),
(132, 4, 157),
(133, 4, 162),
(134, 4, 169),
(135, 4, 181),
(136, 4, 200),
(137, 4, 202),
(138, 4, 204),
(139, 4, 206),
(140, 4, 211),
(141, 4, 240),
(142, 4, 249),
(143, 4, 281),
(144, 4, 306),
(145, 4, 344),
(146, 4, 356),
(147, 4, 358),
(148, 4, 363),
(149, 4, 371),
(150, 4, 376),
(151, 4, 377),
(152, 4, 395),
(153, 4, 419),
(154, 4, 427),
(155, 4, 431),
(156, 4, 445),
(157, 4, 461),
(158, 4, 470),
(159, 4, 471),
(160, 4, 491),
(161, 5, 1),
(162, 5, 34),
(163, 5, 55),
(164, 5, 56),
(165, 5, 57),
(166, 5, 73),
(167, 5, 74),
(168, 5, 76),
(169, 5, 79),
(170, 5, 108),
(171, 5, 138),
(172, 5, 160),
(173, 5, 162),
(174, 5, 188),
(175, 5, 199),
(176, 5, 208),
(177, 5, 218),
(178, 5, 227),
(179, 5, 240),
(180, 5, 257),
(181, 5, 260),
(182, 5, 269),
(183, 5, 271),
(184, 5, 274),
(185, 5, 298),
(186, 5, 299),
(187, 5, 306),
(188, 5, 311),
(189, 5, 346),
(190, 5, 373),
(191, 5, 410),
(192, 5, 412),
(193, 5, 417),
(194, 5, 418),
(195, 5, 446),
(196, 5, 449),
(197, 5, 453),
(198, 5, 476),
(199, 5, 483),
(200, 5, 484),
(201, 6, 5),
(202, 6, 16),
(203, 6, 17),
(204, 6, 18),
(205, 6, 38),
(206, 6, 43),
(207, 6, 49),
(208, 6, 53),
(209, 6, 93),
(210, 6, 127),
(211, 6, 160),
(212, 6, 181),
(213, 6, 199),
(214, 6, 209),
(215, 6, 215),
(216, 6, 219),
(217, 6, 220),
(218, 6, 224),
(219, 6, 231),
(220, 6, 240),
(221, 6, 260),
(222, 6, 274),
(223, 6, 285),
(224, 6, 297),
(225, 6, 299),
(226, 6, 310),
(227, 6, 318),
(228, 6, 319),
(229, 6, 323),
(230, 6, 324),
(231, 6, 360),
(232, 6, 369),
(233, 6, 387),
(234, 6, 396),
(235, 6, 431),
(236, 6, 443),
(237, 6, 449),
(238, 6, 476),
(239, 6, 481),
(240, 6, 495),
(241, 7, 3),
(242, 7, 28),
(243, 7, 37),
(244, 7, 46),
(245, 7, 47),
(246, 7, 54),
(247, 7, 55),
(248, 7, 77),
(249, 7, 78),
(250, 7, 88),
(251, 7, 90),
(252, 7, 97),
(253, 7, 106),
(254, 7, 108),
(255, 7, 112),
(256, 7, 113),
(257, 7, 167),
(258, 7, 180),
(259, 7, 186),
(260, 7, 194),
(261, 7, 228),
(262, 7, 231),
(263, 7, 232),
(264, 7, 238),
(265, 7, 242),
(266, 7, 282),
(267, 7, 288),
(268, 7, 312),
(269, 7, 329),
(270, 7, 357),
(271, 7, 370),
(272, 7, 395),
(273, 7, 408),
(274, 7, 420),
(275, 7, 423),
(276, 7, 436),
(277, 7, 482),
(278, 7, 491),
(279, 7, 495),
(280, 7, 497),
(281, 8, 4),
(282, 8, 14),
(283, 8, 30),
(284, 8, 33),
(285, 8, 39),
(286, 8, 43),
(287, 8, 47),
(288, 8, 68),
(289, 8, 86),
(290, 8, 90),
(291, 8, 102),
(292, 8, 128),
(293, 8, 143),
(294, 8, 156),
(295, 8, 157),
(296, 8, 160),
(297, 8, 172),
(298, 8, 185),
(299, 8, 189),
(300, 8, 194),
(301, 8, 220),
(302, 8, 226),
(303, 8, 237),
(304, 8, 246),
(305, 8, 261),
(306, 8, 278),
(307, 8, 294),
(308, 8, 298),
(309, 8, 302),
(310, 8, 322),
(311, 8, 327),
(312, 8, 330),
(313, 8, 339),
(314, 8, 363),
(315, 8, 364),
(316, 8, 368),
(317, 8, 372),
(318, 8, 405),
(319, 8, 449),
(320, 8, 453),
(321, 9, 21),
(322, 9, 42),
(323, 9, 52),
(324, 9, 76),
(325, 9, 79),
(326, 9, 95),
(327, 9, 116),
(328, 9, 122),
(329, 9, 129),
(330, 9, 134),
(331, 9, 140),
(332, 9, 143),
(333, 9, 171),
(334, 9, 187),
(335, 9, 188),
(336, 9, 192),
(337, 9, 228),
(338, 9, 235),
(339, 9, 265),
(340, 9, 283),
(341, 9, 294),
(342, 9, 304),
(343, 9, 314),
(344, 9, 315),
(345, 9, 319),
(346, 9, 336),
(347, 9, 340),
(348, 9, 360),
(349, 9, 370),
(350, 9, 371),
(351, 9, 405),
(352, 9, 415),
(353, 9, 420),
(354, 9, 422),
(355, 9, 455),
(356, 9, 475),
(357, 9, 479),
(358, 9, 482),
(359, 9, 483),
(360, 9, 498),
(361, 10, 4),
(362, 10, 29),
(363, 10, 31),
(364, 10, 32),
(365, 10, 41),
(366, 10, 46),
(367, 10, 59),
(368, 10, 86),
(369, 10, 93),
(370, 10, 104),
(371, 10, 117),
(372, 10, 136),
(373, 10, 149),
(374, 10, 160),
(375, 10, 167),
(376, 10, 190),
(377, 10, 201),
(378, 10, 213),
(379, 10, 217),
(380, 10, 251),
(381, 10, 253),
(382, 10, 279),
(383, 10, 281),
(384, 10, 291),
(385, 10, 293),
(386, 10, 295),
(387, 10, 309),
(388, 10, 316),
(389, 10, 328),
(390, 10, 337),
(391, 10, 343),
(392, 10, 350),
(393, 10, 355),
(394, 10, 369),
(395, 10, 377),
(396, 10, 438),
(397, 10, 462),
(398, 10, 468),
(399, 10, 489),
(400, 10, 499),
(401, 11, 35),
(402, 11, 48),
(403, 11, 60),
(404, 11, 66),
(405, 11, 68),
(406, 11, 77),
(407, 11, 82),
(408, 11, 103),
(409, 11, 146),
(410, 11, 153),
(411, 11, 162),
(412, 11, 163),
(413, 11, 191),
(414, 11, 224),
(415, 11, 225),
(416, 11, 231),
(417, 11, 232),
(418, 11, 237),
(419, 11, 239),
(420, 11, 248),
(421, 11, 255),
(422, 11, 257),
(423, 11, 262),
(424, 11, 282),
(425, 11, 312),
(426, 11, 320),
(427, 11, 326),
(428, 11, 329),
(429, 11, 332),
(430, 11, 352),
(431, 11, 361),
(432, 11, 378),
(433, 11, 379),
(434, 11, 412),
(435, 11, 427),
(436, 11, 435),
(437, 11, 457),
(438, 11, 482),
(439, 11, 483),
(440, 11, 490),
(441, 12, 2),
(442, 12, 11),
(443, 12, 31),
(444, 12, 38),
(445, 12, 79),
(446, 12, 91),
(447, 12, 99),
(448, 12, 100),
(449, 12, 107),
(450, 12, 108),
(451, 12, 110),
(452, 12, 116),
(453, 12, 118),
(454, 12, 147),
(455, 12, 172),
(456, 12, 183),
(457, 12, 196),
(458, 12, 210),
(459, 12, 216),
(460, 12, 218),
(461, 12, 260),
(462, 12, 271),
(463, 12, 273),
(464, 12, 289),
(465, 12, 297),
(466, 12, 307),
(467, 12, 315),
(468, 12, 320),
(469, 12, 321),
(470, 12, 323),
(471, 12, 328),
(472, 12, 335),
(473, 12, 368),
(474, 12, 377),
(475, 12, 385),
(476, 12, 395),
(477, 12, 396),
(478, 12, 461),
(479, 12, 480),
(480, 12, 494),
(481, 13, 29),
(482, 13, 33),
(483, 13, 39),
(484, 13, 44),
(485, 13, 53),
(486, 13, 62),
(487, 13, 69),
(488, 13, 72),
(489, 13, 76),
(490, 13, 84),
(491, 13, 86),
(492, 13, 99),
(493, 13, 102),
(494, 13, 120),
(495, 13, 135),
(496, 13, 159),
(497, 13, 171),
(498, 13, 173),
(499, 13, 187),
(500, 13, 198),
(501, 13, 208),
(502, 13, 223),
(503, 13, 250),
(504, 13, 267),
(505, 13, 282),
(506, 13, 296),
(507, 13, 304),
(508, 13, 311),
(509, 13, 317),
(510, 13, 352),
(511, 13, 357),
(512, 13, 375),
(513, 13, 400),
(514, 13, 408),
(515, 13, 428),
(516, 13, 436),
(517, 13, 446),
(518, 13, 455),
(519, 13, 472),
(520, 13, 496),
(521, 14, 49),
(522, 14, 56),
(523, 14, 66),
(524, 14, 70),
(525, 14, 99),
(526, 14, 105),
(527, 14, 142),
(528, 14, 143),
(529, 14, 145),
(530, 14, 152),
(531, 14, 154),
(532, 14, 188),
(533, 14, 193),
(534, 14, 225),
(535, 14, 230),
(536, 14, 242),
(537, 14, 277),
(538, 14, 282),
(539, 14, 290),
(540, 14, 330),
(541, 14, 344),
(542, 14, 345),
(543, 14, 353),
(544, 14, 357),
(545, 14, 361),
(546, 14, 403),
(547, 14, 405),
(548, 14, 408),
(549, 14, 411),
(550, 14, 415),
(551, 14, 434),
(552, 14, 438),
(553, 14, 439),
(554, 14, 440),
(555, 14, 441),
(556, 14, 451),
(557, 14, 453),
(558, 14, 458),
(559, 14, 476),
(560, 14, 479),
(561, 15, 2),
(562, 15, 13),
(563, 15, 22),
(564, 15, 25),
(565, 15, 105),
(566, 15, 106),
(567, 15, 110),
(568, 15, 127),
(569, 15, 136),
(570, 15, 163),
(571, 15, 213),
(572, 15, 218),
(573, 15, 236),
(574, 15, 253),
(575, 15, 256),
(576, 15, 276),
(577, 15, 278),
(578, 15, 287),
(579, 15, 304),
(580, 15, 309),
(581, 15, 319),
(582, 15, 320),
(583, 15, 325),
(584, 15, 332),
(585, 15, 337),
(586, 15, 341),
(587, 15, 347),
(588, 15, 358),
(589, 15, 364),
(590, 15, 394),
(591, 15, 406),
(592, 15, 408),
(593, 15, 417),
(594, 15, 430),
(595, 15, 453),
(596, 15, 467),
(597, 15, 470),
(598, 15, 471),
(599, 15, 484),
(600, 15, 492),
(601, 16, 18),
(602, 16, 19),
(603, 16, 27),
(604, 16, 69),
(605, 16, 84),
(606, 16, 107),
(607, 16, 110),
(608, 16, 123),
(609, 16, 124),
(610, 16, 126),
(611, 16, 129),
(612, 16, 145),
(613, 16, 152),
(614, 16, 174),
(615, 16, 192),
(616, 16, 198),
(617, 16, 222),
(618, 16, 228),
(619, 16, 234),
(620, 16, 246),
(621, 16, 249),
(622, 16, 250),
(623, 16, 269),
(624, 16, 283),
(625, 16, 290),
(626, 16, 291),
(627, 16, 299),
(628, 16, 312),
(629, 16, 318),
(630, 16, 356),
(631, 16, 392),
(632, 16, 399),
(633, 16, 421),
(634, 16, 425),
(635, 16, 432),
(636, 16, 440),
(637, 16, 454),
(638, 16, 463),
(639, 16, 473),
(640, 16, 497),
(641, 17, 5),
(642, 17, 9),
(643, 17, 12),
(644, 17, 35),
(645, 17, 40),
(646, 17, 51),
(647, 17, 56),
(648, 17, 66),
(649, 17, 85),
(650, 17, 86),
(651, 17, 112),
(652, 17, 119),
(653, 17, 143),
(654, 17, 150),
(655, 17, 180),
(656, 17, 196),
(657, 17, 200),
(658, 17, 202),
(659, 17, 207),
(660, 17, 221),
(661, 17, 222),
(662, 17, 229),
(663, 17, 239),
(664, 17, 245),
(665, 17, 249),
(666, 17, 277),
(667, 17, 283),
(668, 17, 293),
(669, 17, 303),
(670, 17, 318),
(671, 17, 358),
(672, 17, 363),
(673, 17, 374),
(674, 17, 401),
(675, 17, 402),
(676, 17, 431),
(677, 17, 438),
(678, 17, 445),
(679, 17, 468),
(680, 17, 484),
(681, 18, 6),
(682, 18, 10),
(683, 18, 13),
(684, 18, 16),
(685, 18, 74),
(686, 18, 80),
(687, 18, 85),
(688, 18, 90),
(689, 18, 104),
(690, 18, 139),
(691, 18, 140),
(692, 18, 157),
(693, 18, 172),
(694, 18, 175),
(695, 18, 176),
(696, 18, 184),
(697, 18, 209),
(698, 18, 224),
(699, 18, 236),
(700, 18, 244),
(701, 18, 252),
(702, 18, 263),
(703, 18, 267),
(704, 18, 289),
(705, 18, 309),
(706, 18, 320),
(707, 18, 324),
(708, 18, 330),
(709, 18, 334),
(710, 18, 363),
(711, 18, 385),
(712, 18, 392),
(713, 18, 395),
(714, 18, 409),
(715, 18, 468),
(716, 18, 474),
(717, 18, 481),
(718, 18, 484),
(719, 18, 487),
(720, 18, 495),
(721, 19, 3),
(722, 19, 4),
(723, 19, 22),
(724, 19, 33),
(725, 19, 86),
(726, 19, 91),
(727, 19, 98),
(728, 19, 104),
(729, 19, 107),
(730, 19, 110),
(731, 19, 148),
(732, 19, 162),
(733, 19, 171),
(734, 19, 197),
(735, 19, 227),
(736, 19, 240),
(737, 19, 241),
(738, 19, 260),
(739, 19, 268),
(740, 19, 287),
(741, 19, 302),
(742, 19, 304),
(743, 19, 327),
(744, 19, 336),
(745, 19, 349),
(746, 19, 359),
(747, 19, 372),
(748, 19, 380),
(749, 19, 386),
(750, 19, 391),
(751, 19, 399),
(752, 19, 435),
(753, 19, 458),
(754, 19, 461),
(755, 19, 469),
(756, 19, 476),
(757, 19, 479),
(758, 19, 482),
(759, 19, 483),
(760, 19, 489),
(761, 20, 9),
(762, 20, 12),
(763, 20, 16),
(764, 20, 43),
(765, 20, 45),
(766, 20, 62),
(767, 20, 65),
(768, 20, 68),
(769, 20, 108),
(770, 20, 111),
(771, 20, 115),
(772, 20, 132),
(773, 20, 146),
(774, 20, 150),
(775, 20, 159),
(776, 20, 163),
(777, 20, 173),
(778, 20, 189),
(779, 20, 224),
(780, 20, 250),
(781, 20, 253),
(782, 20, 254),
(783, 20, 260),
(784, 20, 277),
(785, 20, 327),
(786, 20, 356),
(787, 20, 365),
(788, 20, 368),
(789, 20, 376),
(790, 20, 381),
(791, 20, 389),
(792, 20, 395),
(793, 20, 404),
(794, 20, 435),
(795, 20, 446),
(796, 20, 454),
(797, 20, 465),
(798, 20, 467),
(799, 20, 476),
(800, 20, 491),
(801, 21, 11),
(802, 21, 25),
(803, 21, 39),
(804, 21, 70),
(805, 21, 81),
(806, 21, 86),
(807, 21, 88),
(808, 21, 102),
(809, 21, 104),
(810, 21, 120),
(811, 21, 126),
(812, 21, 127),
(813, 21, 143),
(814, 21, 150),
(815, 21, 164),
(816, 21, 171),
(817, 21, 176),
(818, 21, 188),
(819, 21, 207),
(820, 21, 239),
(821, 21, 243),
(822, 21, 245),
(823, 21, 246),
(824, 21, 256),
(825, 21, 268),
(826, 21, 284),
(827, 21, 297),
(828, 21, 302),
(829, 21, 311),
(830, 21, 317),
(831, 21, 331),
(832, 21, 360),
(833, 21, 401),
(834, 21, 415),
(835, 21, 416),
(836, 21, 423),
(837, 21, 433),
(838, 21, 437),
(839, 21, 452),
(840, 21, 462),
(841, 22, 8),
(842, 22, 10),
(843, 22, 19),
(844, 22, 23),
(845, 22, 26),
(846, 22, 55),
(847, 22, 66),
(848, 22, 70),
(849, 22, 106),
(850, 22, 109),
(851, 22, 137),
(852, 22, 155),
(853, 22, 166),
(854, 22, 180),
(855, 22, 196),
(856, 22, 211),
(857, 22, 227),
(858, 22, 253),
(859, 22, 282),
(860, 22, 286),
(861, 22, 297),
(862, 22, 309),
(863, 22, 321),
(864, 22, 328),
(865, 22, 333),
(866, 22, 337),
(867, 22, 349),
(868, 22, 360),
(869, 22, 363),
(870, 22, 369),
(871, 22, 377),
(872, 22, 396),
(873, 22, 406),
(874, 22, 416),
(875, 22, 439),
(876, 22, 443),
(877, 22, 444),
(878, 22, 449),
(879, 22, 455),
(880, 22, 494),
(881, 23, 15),
(882, 23, 26),
(883, 23, 50),
(884, 23, 52),
(885, 23, 55),
(886, 23, 59),
(887, 23, 89),
(888, 23, 94),
(889, 23, 97),
(890, 23, 100),
(891, 23, 113),
(892, 23, 119),
(893, 23, 142),
(894, 23, 150),
(895, 23, 180),
(896, 23, 221),
(897, 23, 227),
(898, 23, 229),
(899, 23, 242),
(900, 23, 260),
(901, 23, 269),
(902, 23, 277),
(903, 23, 281),
(904, 23, 291),
(905, 23, 301),
(906, 23, 308),
(907, 23, 311),
(908, 23, 318),
(909, 23, 321),
(910, 23, 322),
(911, 23, 377),
(912, 23, 389),
(913, 23, 410),
(914, 23, 421),
(915, 23, 445),
(916, 23, 448),
(917, 23, 449),
(918, 23, 456),
(919, 23, 461),
(920, 23, 472),
(921, 24, 48),
(922, 24, 74),
(923, 24, 130),
(924, 24, 132),
(925, 24, 145),
(926, 24, 147),
(927, 24, 148),
(928, 24, 176),
(929, 24, 178),
(930, 24, 179),
(931, 24, 184),
(932, 24, 199),
(933, 24, 201),
(934, 24, 204),
(935, 24, 228),
(936, 24, 237),
(937, 24, 242),
(938, 24, 252),
(939, 24, 253),
(940, 24, 268),
(941, 24, 292),
(942, 24, 296),
(943, 24, 309),
(944, 24, 318),
(945, 24, 321),
(946, 24, 334),
(947, 24, 346),
(948, 24, 353),
(949, 24, 358),
(950, 24, 363),
(951, 24, 384),
(952, 24, 400),
(953, 24, 407),
(954, 24, 409),
(955, 24, 410),
(956, 24, 456),
(957, 24, 473),
(958, 24, 482),
(959, 24, 492),
(960, 24, 495),
(961, 25, 5),
(962, 25, 25),
(963, 25, 53),
(964, 25, 83),
(965, 25, 127),
(966, 25, 131),
(967, 25, 133),
(968, 25, 138),
(969, 25, 148),
(970, 25, 149),
(971, 25, 150),
(972, 25, 155),
(973, 25, 163),
(974, 25, 205),
(975, 25, 222),
(976, 25, 231),
(977, 25, 240),
(978, 25, 253),
(979, 25, 261),
(980, 25, 264),
(981, 25, 267),
(982, 25, 269),
(983, 25, 285),
(984, 25, 297),
(985, 25, 301),
(986, 25, 306),
(987, 25, 316),
(988, 25, 324),
(989, 25, 343),
(990, 25, 350),
(991, 25, 360),
(992, 25, 365),
(993, 25, 366),
(994, 25, 367),
(995, 25, 368),
(996, 25, 391),
(997, 25, 405),
(998, 25, 479),
(999, 25, 484),
(1000, 25, 488),
(1001, 26, 15),
(1002, 26, 37),
(1003, 26, 41),
(1004, 26, 47),
(1005, 26, 52),
(1006, 26, 63),
(1007, 26, 81),
(1008, 26, 94),
(1009, 26, 116),
(1010, 26, 122),
(1011, 26, 133),
(1012, 26, 141),
(1013, 26, 147),
(1014, 26, 148),
(1015, 26, 153),
(1016, 26, 183),
(1017, 26, 224),
(1018, 26, 239),
(1019, 26, 257),
(1020, 26, 260),
(1021, 26, 261),
(1022, 26, 265),
(1023, 26, 272),
(1024, 26, 277),
(1025, 26, 289),
(1026, 26, 304),
(1027, 26, 313),
(1028, 26, 340),
(1029, 26, 353),
(1030, 26, 367),
(1031, 26, 382),
(1032, 26, 386),
(1033, 26, 388),
(1034, 26, 404),
(1035, 26, 407),
(1036, 26, 461),
(1037, 26, 463),
(1038, 26, 464),
(1039, 26, 475),
(1040, 26, 490),
(1041, 27, 5),
(1042, 27, 24),
(1043, 27, 29),
(1044, 27, 44),
(1045, 27, 91),
(1046, 27, 107),
(1047, 27, 114),
(1048, 27, 146),
(1049, 27, 165),
(1050, 27, 176),
(1051, 27, 180),
(1052, 27, 184),
(1053, 27, 207),
(1054, 27, 208),
(1055, 27, 218),
(1056, 27, 245),
(1057, 27, 247),
(1058, 27, 252),
(1059, 27, 281),
(1060, 27, 293),
(1061, 27, 306),
(1062, 27, 312),
(1063, 27, 369),
(1064, 27, 390),
(1065, 27, 391),
(1066, 27, 411),
(1067, 27, 429),
(1068, 27, 431),
(1069, 27, 433),
(1070, 27, 445),
(1071, 27, 455),
(1072, 27, 461),
(1073, 27, 466),
(1074, 27, 467),
(1075, 27, 476),
(1076, 27, 481),
(1077, 27, 486),
(1078, 27, 489),
(1079, 27, 496),
(1080, 27, 499),
(1081, 28, 13),
(1082, 28, 19),
(1083, 28, 40),
(1084, 28, 56),
(1085, 28, 59),
(1086, 28, 86),
(1087, 28, 98),
(1088, 28, 126),
(1089, 28, 158),
(1090, 28, 199),
(1091, 28, 213),
(1092, 28, 220),
(1093, 28, 254),
(1094, 28, 273),
(1095, 28, 281),
(1096, 28, 284),
(1097, 28, 291),
(1098, 28, 299),
(1099, 28, 307),
(1100, 28, 315),
(1101, 28, 316),
(1102, 28, 331),
(1103, 28, 336),
(1104, 28, 347),
(1105, 28, 369),
(1106, 28, 370),
(1107, 28, 400),
(1108, 28, 403),
(1109, 28, 407),
(1110, 28, 410),
(1111, 28, 419),
(1112, 28, 427),
(1113, 28, 428),
(1114, 28, 437),
(1115, 28, 459),
(1116, 28, 464),
(1117, 28, 466),
(1118, 28, 470),
(1119, 28, 483),
(1120, 28, 494),
(1121, 29, 3),
(1122, 29, 10),
(1123, 29, 12),
(1124, 29, 18),
(1125, 29, 26),
(1126, 29, 36),
(1127, 29, 75),
(1128, 29, 83),
(1129, 29, 95),
(1130, 29, 148),
(1131, 29, 160),
(1132, 29, 165),
(1133, 29, 173),
(1134, 29, 179),
(1135, 29, 201),
(1136, 29, 209),
(1137, 29, 212),
(1138, 29, 214),
(1139, 29, 223),
(1140, 29, 228),
(1141, 29, 235),
(1142, 29, 246),
(1143, 29, 256),
(1144, 29, 261),
(1145, 29, 265),
(1146, 29, 273),
(1147, 29, 313),
(1148, 29, 315),
(1149, 29, 349),
(1150, 29, 354),
(1151, 29, 366),
(1152, 29, 390),
(1153, 29, 402),
(1154, 29, 409),
(1155, 29, 413),
(1156, 29, 415),
(1157, 29, 420),
(1158, 29, 450),
(1159, 29, 479),
(1160, 29, 498),
(1161, 30, 4),
(1162, 30, 11),
(1163, 30, 21),
(1164, 30, 24),
(1165, 30, 49),
(1166, 30, 85),
(1167, 30, 86),
(1168, 30, 96),
(1169, 30, 109),
(1170, 30, 115),
(1171, 30, 124),
(1172, 30, 160),
(1173, 30, 167),
(1174, 30, 173),
(1175, 30, 184),
(1176, 30, 197),
(1177, 30, 198),
(1178, 30, 211),
(1179, 30, 234),
(1180, 30, 250),
(1181, 30, 265),
(1182, 30, 288),
(1183, 30, 297),
(1184, 30, 299),
(1185, 30, 305),
(1186, 30, 309),
(1187, 30, 319),
(1188, 30, 329),
(1189, 30, 355),
(1190, 30, 356),
(1191, 30, 374),
(1192, 30, 399),
(1193, 30, 413),
(1194, 30, 420),
(1195, 30, 427),
(1196, 30, 430),
(1197, 30, 431),
(1198, 30, 453),
(1199, 30, 462),
(1200, 30, 488),
(1201, 31, 2),
(1202, 31, 12),
(1203, 31, 19),
(1204, 31, 44),
(1205, 31, 46),
(1206, 31, 62),
(1207, 31, 64),
(1208, 31, 92),
(1209, 31, 97),
(1210, 31, 98),
(1211, 31, 101),
(1212, 31, 102),
(1213, 31, 103),
(1214, 31, 106),
(1215, 31, 108),
(1216, 31, 116),
(1217, 31, 142),
(1218, 31, 143),
(1219, 31, 173),
(1220, 31, 187),
(1221, 31, 199),
(1222, 31, 233),
(1223, 31, 244),
(1224, 31, 250),
(1225, 31, 297),
(1226, 31, 309),
(1227, 31, 315),
(1228, 31, 336),
(1229, 31, 352),
(1230, 31, 362),
(1231, 31, 367),
(1232, 31, 411),
(1233, 31, 424),
(1234, 31, 450),
(1235, 31, 459),
(1236, 31, 471),
(1237, 31, 475),
(1238, 31, 478),
(1239, 31, 487),
(1240, 31, 491),
(1241, 32, 3),
(1242, 32, 8),
(1243, 32, 34),
(1244, 32, 51),
(1245, 32, 53),
(1246, 32, 54),
(1247, 32, 82),
(1248, 32, 88),
(1249, 32, 101),
(1250, 32, 105),
(1251, 32, 114),
(1252, 32, 135),
(1253, 32, 136),
(1254, 32, 149),
(1255, 32, 153),
(1256, 32, 158),
(1257, 32, 162),
(1258, 32, 174),
(1259, 32, 175),
(1260, 32, 179),
(1261, 32, 202),
(1262, 32, 242),
(1263, 32, 244),
(1264, 32, 256),
(1265, 32, 294),
(1266, 32, 318),
(1267, 32, 321),
(1268, 32, 344),
(1269, 32, 384),
(1270, 32, 393),
(1271, 32, 396),
(1272, 32, 414),
(1273, 32, 428),
(1274, 32, 431),
(1275, 32, 450),
(1276, 32, 456),
(1277, 32, 458),
(1278, 32, 461),
(1279, 32, 468),
(1280, 32, 493),
(1281, 33, 10),
(1282, 33, 16),
(1283, 33, 44),
(1284, 33, 53),
(1285, 33, 62),
(1286, 33, 70),
(1287, 33, 83),
(1288, 33, 85),
(1289, 33, 86),
(1290, 33, 98),
(1291, 33, 128),
(1292, 33, 135),
(1293, 33, 192),
(1294, 33, 204),
(1295, 33, 209),
(1296, 33, 213),
(1297, 33, 215),
(1298, 33, 219),
(1299, 33, 222),
(1300, 33, 241),
(1301, 33, 246),
(1302, 33, 259),
(1303, 33, 260),
(1304, 33, 285),
(1305, 33, 296),
(1306, 33, 327),
(1307, 33, 350),
(1308, 33, 359),
(1309, 33, 375),
(1310, 33, 383),
(1311, 33, 394),
(1312, 33, 410),
(1313, 33, 419),
(1314, 33, 430),
(1315, 33, 433),
(1316, 33, 438),
(1317, 33, 439),
(1318, 33, 441),
(1319, 33, 462),
(1320, 33, 493),
(1321, 34, 2),
(1322, 34, 6),
(1323, 34, 19),
(1324, 34, 33),
(1325, 34, 53),
(1326, 34, 54),
(1327, 34, 60),
(1328, 34, 69),
(1329, 34, 72),
(1330, 34, 77),
(1331, 34, 123),
(1332, 34, 128),
(1333, 34, 164),
(1334, 34, 172),
(1335, 34, 179),
(1336, 34, 196),
(1337, 34, 212),
(1338, 34, 225),
(1339, 34, 239),
(1340, 34, 261),
(1341, 34, 266),
(1342, 34, 268),
(1343, 34, 275),
(1344, 34, 315),
(1345, 34, 326),
(1346, 34, 346),
(1347, 34, 353),
(1348, 34, 365),
(1349, 34, 388),
(1350, 34, 398),
(1351, 34, 403),
(1352, 34, 404),
(1353, 34, 409),
(1354, 34, 435),
(1355, 34, 453),
(1356, 34, 455),
(1357, 34, 470),
(1358, 34, 485),
(1359, 34, 489),
(1360, 34, 492),
(1361, 35, 5),
(1362, 35, 14),
(1363, 35, 20),
(1364, 35, 30),
(1365, 35, 31),
(1366, 35, 55),
(1367, 35, 97),
(1368, 35, 102),
(1369, 35, 114),
(1370, 35, 121),
(1371, 35, 136),
(1372, 35, 145),
(1373, 35, 148),
(1374, 35, 159),
(1375, 35, 170),
(1376, 35, 173),
(1377, 35, 222),
(1378, 35, 226),
(1379, 35, 244),
(1380, 35, 255),
(1381, 35, 293),
(1382, 35, 302),
(1383, 35, 324),
(1384, 35, 326),
(1385, 35, 328),
(1386, 35, 371),
(1387, 35, 379),
(1388, 35, 381),
(1389, 35, 416),
(1390, 35, 422),
(1391, 35, 434),
(1392, 35, 435),
(1393, 35, 438),
(1394, 35, 453),
(1395, 35, 464),
(1396, 35, 465),
(1397, 35, 471),
(1398, 35, 475),
(1399, 35, 490),
(1400, 35, 494),
(1401, 36, 7),
(1402, 36, 8),
(1403, 36, 10),
(1404, 36, 24),
(1405, 36, 32),
(1406, 36, 40),
(1407, 36, 44),
(1408, 36, 51),
(1409, 36, 81),
(1410, 36, 86),
(1411, 36, 88),
(1412, 36, 91),
(1413, 36, 92),
(1414, 36, 121),
(1415, 36, 130),
(1416, 36, 135),
(1417, 36, 183),
(1418, 36, 201),
(1419, 36, 202),
(1420, 36, 212),
(1421, 36, 222),
(1422, 36, 227),
(1423, 36, 239),
(1424, 36, 241),
(1425, 36, 254),
(1426, 36, 260),
(1427, 36, 278),
(1428, 36, 286),
(1429, 36, 305),
(1430, 36, 318),
(1431, 36, 338),
(1432, 36, 339),
(1433, 36, 351),
(1434, 36, 391),
(1435, 36, 392),
(1436, 36, 429),
(1437, 36, 431),
(1438, 36, 477),
(1439, 36, 490),
(1440, 36, 496),
(1441, 37, 3),
(1442, 37, 5),
(1443, 37, 20),
(1444, 37, 21),
(1445, 37, 24),
(1446, 37, 35),
(1447, 37, 50),
(1448, 37, 56),
(1449, 37, 76),
(1450, 37, 77),
(1451, 37, 92),
(1452, 37, 99),
(1453, 37, 117),
(1454, 37, 150),
(1455, 37, 169),
(1456, 37, 215),
(1457, 37, 235),
(1458, 37, 236),
(1459, 37, 247),
(1460, 37, 256),
(1461, 37, 259),
(1462, 37, 276),
(1463, 37, 279),
(1464, 37, 290),
(1465, 37, 292),
(1466, 37, 298),
(1467, 37, 312),
(1468, 37, 315),
(1469, 37, 326),
(1470, 37, 344),
(1471, 37, 349),
(1472, 37, 355),
(1473, 37, 359),
(1474, 37, 360),
(1475, 37, 402),
(1476, 37, 437),
(1477, 37, 456),
(1478, 37, 458),
(1479, 37, 495),
(1480, 37, 497),
(1481, 38, 35),
(1482, 38, 38),
(1483, 38, 39),
(1484, 38, 43),
(1485, 38, 57),
(1486, 38, 85),
(1487, 38, 87),
(1488, 38, 90),
(1489, 38, 93),
(1490, 38, 95),
(1491, 38, 105),
(1492, 38, 111),
(1493, 38, 118),
(1494, 38, 161),
(1495, 38, 166),
(1496, 38, 173),
(1497, 38, 217),
(1498, 38, 222),
(1499, 38, 229),
(1500, 38, 247),
(1501, 38, 252),
(1502, 38, 256),
(1503, 38, 258),
(1504, 38, 284),
(1505, 38, 288),
(1506, 38, 299),
(1507, 38, 304),
(1508, 38, 317),
(1509, 38, 318),
(1510, 38, 327),
(1511, 38, 363),
(1512, 38, 377),
(1513, 38, 393),
(1514, 38, 400),
(1515, 38, 412),
(1516, 38, 435),
(1517, 38, 481),
(1518, 38, 484),
(1519, 38, 494),
(1520, 38, 495),
(1521, 39, 7),
(1522, 39, 8),
(1523, 39, 39),
(1524, 39, 65),
(1525, 39, 67),
(1526, 39, 85),
(1527, 39, 113),
(1528, 39, 116),
(1529, 39, 149),
(1530, 39, 152),
(1531, 39, 161),
(1532, 39, 166),
(1533, 39, 167),
(1534, 39, 168),
(1535, 39, 173),
(1536, 39, 191),
(1537, 39, 222),
(1538, 39, 235),
(1539, 39, 239),
(1540, 39, 243),
(1541, 39, 252),
(1542, 39, 270),
(1543, 39, 294),
(1544, 39, 301),
(1545, 39, 323),
(1546, 39, 325),
(1547, 39, 332),
(1548, 39, 343),
(1549, 39, 354),
(1550, 39, 366),
(1551, 39, 370),
(1552, 39, 381),
(1553, 39, 395),
(1554, 39, 404),
(1555, 39, 414),
(1556, 39, 426),
(1557, 39, 445),
(1558, 39, 484),
(1559, 39, 494),
(1560, 39, 497),
(1561, 40, 11),
(1562, 40, 13),
(1563, 40, 18),
(1564, 40, 22),
(1565, 40, 28),
(1566, 40, 32),
(1567, 40, 51),
(1568, 40, 53),
(1569, 40, 57),
(1570, 40, 66),
(1571, 40, 90),
(1572, 40, 107),
(1573, 40, 117),
(1574, 40, 132),
(1575, 40, 141),
(1576, 40, 146),
(1577, 40, 154),
(1578, 40, 159),
(1579, 40, 179),
(1580, 40, 189),
(1581, 40, 253),
(1582, 40, 260),
(1583, 40, 269),
(1584, 40, 275),
(1585, 40, 284),
(1586, 40, 292),
(1587, 40, 293),
(1588, 40, 309),
(1589, 40, 345),
(1590, 40, 355),
(1591, 40, 358),
(1592, 40, 373),
(1593, 40, 376),
(1594, 40, 409),
(1595, 40, 412),
(1596, 40, 442),
(1597, 40, 466),
(1598, 40, 471),
(1599, 40, 490),
(1600, 40, 492);

-- --------------------------------------------------------

--
-- Table structure for table `migrations`
--

DROP TABLE IF EXISTS `migrations`;
CREATE TABLE IF NOT EXISTS `migrations` (
  `migration` varchar(255) COLLATE utf8_unicode_ci NOT NULL,
  `batch` int(11) NOT NULL
) ENGINE=MyISAM DEFAULT CHARSET=utf8 COLLATE=utf8_unicode_ci;

--
-- Dumping data for table `migrations`
--

INSERT INTO `migrations` (`migration`, `batch`) VALUES
('2014_04_24_110151_create_oauth_scopes_table', 1),
('2014_04_24_110304_create_oauth_grants_table', 1),
('2014_04_24_110403_create_oauth_grant_scopes_table', 1),
('2014_04_24_110459_create_oauth_clients_table', 1),
('2014_04_24_110557_create_oauth_client_endpoints_table', 1),
('2014_04_24_110705_create_oauth_client_scopes_table', 1),
('2014_04_24_110817_create_oauth_client_grants_table', 1),
('2014_04_24_111002_create_oauth_sessions_table', 1),
('2014_04_24_111109_create_oauth_session_scopes_table', 1),
('2014_04_24_111254_create_oauth_auth_codes_table', 1),
('2014_04_24_111403_create_oauth_auth_code_scopes_table', 1),
('2014_04_24_111518_create_oauth_access_tokens_table', 1),
('2014_04_24_111657_create_oauth_access_token_scopes_table', 1),
('2014_04_24_111810_create_oauth_refresh_tokens_table', 1),
('2017_10_06_054702_create_table_teachers', 1),
('2017_10_06_054725_create_table_student', 1),
('2017_10_06_054742_create_table_courses', 1),
('2017_10_06_054829_create_table_course_student', 1);

-- --------------------------------------------------------

--
-- Table structure for table `oauth_access_tokens`
--

DROP TABLE IF EXISTS `oauth_access_tokens`;
CREATE TABLE IF NOT EXISTS `oauth_access_tokens` (
  `id` varchar(40) COLLATE utf8_unicode_ci NOT NULL,
  `session_id` int(10) UNSIGNED NOT NULL,
  `expire_time` int(11) NOT NULL,
  `created_at` timestamp NOT NULL DEFAULT '0000-00-00 00:00:00',
  `updated_at` timestamp NOT NULL DEFAULT '0000-00-00 00:00:00',
  PRIMARY KEY (`id`),
  UNIQUE KEY `oauth_access_tokens_id_session_id_unique` (`id`,`session_id`),
  KEY `oauth_access_tokens_session_id_index` (`session_id`)
) ENGINE=MyISAM DEFAULT CHARSET=utf8 COLLATE=utf8_unicode_ci;

--
-- Dumping data for table `oauth_access_tokens`
--

INSERT INTO `oauth_access_tokens` (`id`, `session_id`, `expire_time`, `created_at`, `updated_at`) VALUES
('ez1bG0HHP3EZOISD81NLc90UbOVWKSC3LA61gmHo', 1, 1507397908, '2017-10-07 16:38:28', '2017-10-07 16:38:28'),
('kv3DUhdH1ZnAViZ3Kw1EGC9BeJg17lEMMEO3ba8s', 2, 1507397920, '2017-10-07 16:38:40', '2017-10-07 16:38:40'),
('FQhZoY5JWZ5bwXOqylXYfRXQw2NzVOicBDkqYntD', 3, 1507397928, '2017-10-07 16:38:48', '2017-10-07 16:38:48'),
('NQdgGVrVkZ1cUbtc3gL3eWoKMBN1EPndL8Sk3ZZy', 4, 1507397930, '2017-10-07 16:38:50', '2017-10-07 16:38:50'),
('s10V1V8MsUttJxsJ7EvsBPRzA1InaNFi8ozVNFKA', 5, 1507494561, '2017-10-08 19:29:21', '2017-10-08 19:29:21'),
('yLlOUaZjeVkKT3UJmF6MLn8WPpasRwPwvvcIizpJ', 6, 1507495346, '2017-10-08 19:42:26', '2017-10-08 19:42:26'),
('lxGan6ZO5pVy3wYTmHbIcBrM8tdl5QF8SfpwuC82', 7, 1507495546, '2017-10-08 19:45:46', '2017-10-08 19:45:46'),
('tV0MvEmbFQEKv2fPwvZv39k5tIMFyJmuSEuI9fsy', 8, 1507495578, '2017-10-08 19:46:18', '2017-10-08 19:46:18'),
('WYWkEO6k2c3L6j7qed3Amzv0xbPP8G4us24QTko9', 9, 1507495590, '2017-10-08 19:46:30', '2017-10-08 19:46:30'),
('ATwVJkgRxNLnNygOCq8zm0vjsUQu3fbepD9y3PYG', 10, 1507495591, '2017-10-08 19:46:31', '2017-10-08 19:46:31');

-- --------------------------------------------------------

--
-- Table structure for table `oauth_access_token_scopes`
--

DROP TABLE IF EXISTS `oauth_access_token_scopes`;
CREATE TABLE IF NOT EXISTS `oauth_access_token_scopes` (
  `id` int(10) UNSIGNED NOT NULL AUTO_INCREMENT,
  `access_token_id` varchar(40) COLLATE utf8_unicode_ci NOT NULL,
  `scope_id` varchar(40) COLLATE utf8_unicode_ci NOT NULL,
  `created_at` timestamp NOT NULL DEFAULT '0000-00-00 00:00:00',
  `updated_at` timestamp NOT NULL DEFAULT '0000-00-00 00:00:00',
  PRIMARY KEY (`id`),
  KEY `oauth_access_token_scopes_access_token_id_index` (`access_token_id`),
  KEY `oauth_access_token_scopes_scope_id_index` (`scope_id`)
) ENGINE=MyISAM DEFAULT CHARSET=utf8 COLLATE=utf8_unicode_ci;

-- --------------------------------------------------------

--
-- Table structure for table `oauth_auth_codes`
--

DROP TABLE IF EXISTS `oauth_auth_codes`;
CREATE TABLE IF NOT EXISTS `oauth_auth_codes` (
  `id` varchar(40) COLLATE utf8_unicode_ci NOT NULL,
  `session_id` int(10) UNSIGNED NOT NULL,
  `redirect_uri` varchar(255) COLLATE utf8_unicode_ci NOT NULL,
  `expire_time` int(11) NOT NULL,
  `created_at` timestamp NOT NULL DEFAULT '0000-00-00 00:00:00',
  `updated_at` timestamp NOT NULL DEFAULT '0000-00-00 00:00:00',
  PRIMARY KEY (`id`),
  KEY `oauth_auth_codes_session_id_index` (`session_id`)
) ENGINE=MyISAM DEFAULT CHARSET=utf8 COLLATE=utf8_unicode_ci;

-- --------------------------------------------------------

--
-- Table structure for table `oauth_auth_code_scopes`
--

DROP TABLE IF EXISTS `oauth_auth_code_scopes`;
CREATE TABLE IF NOT EXISTS `oauth_auth_code_scopes` (
  `id` int(10) UNSIGNED NOT NULL AUTO_INCREMENT,
  `auth_code_id` varchar(40) COLLATE utf8_unicode_ci NOT NULL,
  `scope_id` varchar(40) COLLATE utf8_unicode_ci NOT NULL,
  `created_at` timestamp NOT NULL DEFAULT '0000-00-00 00:00:00',
  `updated_at` timestamp NOT NULL DEFAULT '0000-00-00 00:00:00',
  PRIMARY KEY (`id`),
  KEY `oauth_auth_code_scopes_auth_code_id_index` (`auth_code_id`),
  KEY `oauth_auth_code_scopes_scope_id_index` (`scope_id`)
) ENGINE=MyISAM DEFAULT CHARSET=utf8 COLLATE=utf8_unicode_ci;

-- --------------------------------------------------------

--
-- Table structure for table `oauth_clients`
--

DROP TABLE IF EXISTS `oauth_clients`;
CREATE TABLE IF NOT EXISTS `oauth_clients` (
  `id` varchar(40) COLLATE utf8_unicode_ci NOT NULL,
  `secret` varchar(40) COLLATE utf8_unicode_ci NOT NULL,
  `name` varchar(255) COLLATE utf8_unicode_ci NOT NULL,
  `email` varchar(255) COLLATE utf8_unicode_ci NOT NULL,
  `password` varchar(255) COLLATE utf8_unicode_ci NOT NULL,
  `created_at` timestamp NOT NULL DEFAULT '0000-00-00 00:00:00',
  `updated_at` timestamp NOT NULL DEFAULT '0000-00-00 00:00:00',
  PRIMARY KEY (`id`),
  UNIQUE KEY `oauth_clients_id_secret_unique` (`id`,`secret`)
) ENGINE=MyISAM DEFAULT CHARSET=utf8 COLLATE=utf8_unicode_ci;

--
-- Dumping data for table `oauth_clients`
--

INSERT INTO `oauth_clients` (`id`, `secret`, `name`, `email`, `password`, `created_at`, `updated_at`) VALUES
('id1', 'secret1', 'test 1', 'ahmd@gmail.com', 'ahmd', '2017-10-06 20:00:00', '2017-10-06 20:00:00');

-- --------------------------------------------------------

--
-- Table structure for table `oauth_client_endpoints`
--

DROP TABLE IF EXISTS `oauth_client_endpoints`;
CREATE TABLE IF NOT EXISTS `oauth_client_endpoints` (
  `id` int(10) UNSIGNED NOT NULL AUTO_INCREMENT,
  `client_id` varchar(40) COLLATE utf8_unicode_ci NOT NULL,
  `redirect_uri` varchar(255) COLLATE utf8_unicode_ci NOT NULL,
  `created_at` timestamp NOT NULL DEFAULT '0000-00-00 00:00:00',
  `updated_at` timestamp NOT NULL DEFAULT '0000-00-00 00:00:00',
  PRIMARY KEY (`id`),
  UNIQUE KEY `oauth_client_endpoints_client_id_redirect_uri_unique` (`client_id`,`redirect_uri`)
) ENGINE=MyISAM DEFAULT CHARSET=utf8 COLLATE=utf8_unicode_ci;

-- --------------------------------------------------------

--
-- Table structure for table `oauth_client_grants`
--

DROP TABLE IF EXISTS `oauth_client_grants`;
CREATE TABLE IF NOT EXISTS `oauth_client_grants` (
  `id` int(10) UNSIGNED NOT NULL AUTO_INCREMENT,
  `client_id` varchar(40) COLLATE utf8_unicode_ci NOT NULL,
  `grant_id` varchar(40) COLLATE utf8_unicode_ci NOT NULL,
  `created_at` timestamp NOT NULL DEFAULT '0000-00-00 00:00:00',
  `updated_at` timestamp NOT NULL DEFAULT '0000-00-00 00:00:00',
  PRIMARY KEY (`id`),
  KEY `oauth_client_grants_client_id_index` (`client_id`),
  KEY `oauth_client_grants_grant_id_index` (`grant_id`)
) ENGINE=MyISAM DEFAULT CHARSET=utf8 COLLATE=utf8_unicode_ci;

-- --------------------------------------------------------

--
-- Table structure for table `oauth_client_scopes`
--

DROP TABLE IF EXISTS `oauth_client_scopes`;
CREATE TABLE IF NOT EXISTS `oauth_client_scopes` (
  `id` int(10) UNSIGNED NOT NULL AUTO_INCREMENT,
  `client_id` varchar(40) COLLATE utf8_unicode_ci NOT NULL,
  `scope_id` varchar(40) COLLATE utf8_unicode_ci NOT NULL,
  `created_at` timestamp NOT NULL DEFAULT '0000-00-00 00:00:00',
  `updated_at` timestamp NOT NULL DEFAULT '0000-00-00 00:00:00',
  PRIMARY KEY (`id`),
  KEY `oauth_client_scopes_client_id_index` (`client_id`),
  KEY `oauth_client_scopes_scope_id_index` (`scope_id`)
) ENGINE=MyISAM DEFAULT CHARSET=utf8 COLLATE=utf8_unicode_ci;

-- --------------------------------------------------------

--
-- Table structure for table `oauth_grants`
--

DROP TABLE IF EXISTS `oauth_grants`;
CREATE TABLE IF NOT EXISTS `oauth_grants` (
  `id` varchar(40) COLLATE utf8_unicode_ci NOT NULL,
  `created_at` timestamp NOT NULL DEFAULT '0000-00-00 00:00:00',
  `updated_at` timestamp NOT NULL DEFAULT '0000-00-00 00:00:00',
  PRIMARY KEY (`id`)
) ENGINE=MyISAM DEFAULT CHARSET=utf8 COLLATE=utf8_unicode_ci;

-- --------------------------------------------------------

--
-- Table structure for table `oauth_grant_scopes`
--

DROP TABLE IF EXISTS `oauth_grant_scopes`;
CREATE TABLE IF NOT EXISTS `oauth_grant_scopes` (
  `id` int(10) UNSIGNED NOT NULL AUTO_INCREMENT,
  `grant_id` varchar(40) COLLATE utf8_unicode_ci NOT NULL,
  `scope_id` varchar(40) COLLATE utf8_unicode_ci NOT NULL,
  `created_at` timestamp NOT NULL DEFAULT '0000-00-00 00:00:00',
  `updated_at` timestamp NOT NULL DEFAULT '0000-00-00 00:00:00',
  PRIMARY KEY (`id`),
  KEY `oauth_grant_scopes_grant_id_index` (`grant_id`),
  KEY `oauth_grant_scopes_scope_id_index` (`scope_id`)
) ENGINE=MyISAM DEFAULT CHARSET=utf8 COLLATE=utf8_unicode_ci;

-- --------------------------------------------------------

--
-- Table structure for table `oauth_refresh_tokens`
--

DROP TABLE IF EXISTS `oauth_refresh_tokens`;
CREATE TABLE IF NOT EXISTS `oauth_refresh_tokens` (
  `id` varchar(40) COLLATE utf8_unicode_ci NOT NULL,
  `access_token_id` varchar(40) COLLATE utf8_unicode_ci NOT NULL,
  `expire_time` int(11) NOT NULL,
  `created_at` timestamp NOT NULL DEFAULT '0000-00-00 00:00:00',
  `updated_at` timestamp NOT NULL DEFAULT '0000-00-00 00:00:00',
  PRIMARY KEY (`access_token_id`),
  UNIQUE KEY `oauth_refresh_tokens_id_unique` (`id`)
) ENGINE=MyISAM DEFAULT CHARSET=utf8 COLLATE=utf8_unicode_ci;

--
-- Dumping data for table `oauth_refresh_tokens`
--

INSERT INTO `oauth_refresh_tokens` (`id`, `access_token_id`, `expire_time`, `created_at`, `updated_at`) VALUES
('6Q84lz3H2P3KVv02pY7Or2B9fjEwTNA3zRZab3E1', 'yLlOUaZjeVkKT3UJmF6MLn8WPpasRwPwvvcIizpJ', 1507527746, '2017-10-08 19:42:26', '2017-10-08 19:42:26'),
('liE6mLcGs3TuL33VuTbwlaJjXzsvkChox2kCFJLk', 'lxGan6ZO5pVy3wYTmHbIcBrM8tdl5QF8SfpwuC82', 1507527946, '2017-10-08 19:45:46', '2017-10-08 19:45:46'),
('cwBbl0l6SJ4I0KdtsJxyxZFWNeirZA9NO61bjJTB', 'tV0MvEmbFQEKv2fPwvZv39k5tIMFyJmuSEuI9fsy', 1507527978, '2017-10-08 19:46:18', '2017-10-08 19:46:18'),
('cXZdfR0kR8MqKnzXmSOZUjZ4g9wDTnW8wvStUTuK', 'WYWkEO6k2c3L6j7qed3Amzv0xbPP8G4us24QTko9', 1507527990, '2017-10-08 19:46:30', '2017-10-08 19:46:30'),
('z53AOH0JQLGA3IJCZyyh2ItqzoZxJNDXurAieGHj', 'ATwVJkgRxNLnNygOCq8zm0vjsUQu3fbepD9y3PYG', 1507527991, '2017-10-08 19:46:31', '2017-10-08 19:46:31');

-- --------------------------------------------------------

--
-- Table structure for table `oauth_scopes`
--

DROP TABLE IF EXISTS `oauth_scopes`;
CREATE TABLE IF NOT EXISTS `oauth_scopes` (
  `id` varchar(40) COLLATE utf8_unicode_ci NOT NULL,
  `description` varchar(255) COLLATE utf8_unicode_ci NOT NULL,
  `created_at` timestamp NOT NULL DEFAULT '0000-00-00 00:00:00',
  `updated_at` timestamp NOT NULL DEFAULT '0000-00-00 00:00:00',
  PRIMARY KEY (`id`)
) ENGINE=MyISAM DEFAULT CHARSET=utf8 COLLATE=utf8_unicode_ci;

-- --------------------------------------------------------

--
-- Table structure for table `oauth_sessions`
--

DROP TABLE IF EXISTS `oauth_sessions`;
CREATE TABLE IF NOT EXISTS `oauth_sessions` (
  `id` int(10) UNSIGNED NOT NULL AUTO_INCREMENT,
  `client_id` varchar(40) COLLATE utf8_unicode_ci NOT NULL,
  `owner_type` enum('client','user') COLLATE utf8_unicode_ci NOT NULL DEFAULT 'user',
  `owner_id` varchar(255) COLLATE utf8_unicode_ci NOT NULL,
  `client_redirect_uri` varchar(255) COLLATE utf8_unicode_ci DEFAULT NULL,
  `created_at` timestamp NOT NULL DEFAULT '0000-00-00 00:00:00',
  `updated_at` timestamp NOT NULL DEFAULT '0000-00-00 00:00:00',
  PRIMARY KEY (`id`),
  KEY `oauth_sessions_client_id_owner_type_owner_id_index` (`client_id`,`owner_type`,`owner_id`)
) ENGINE=MyISAM AUTO_INCREMENT=11 DEFAULT CHARSET=utf8 COLLATE=utf8_unicode_ci;

--
-- Dumping data for table `oauth_sessions`
--

INSERT INTO `oauth_sessions` (`id`, `client_id`, `owner_type`, `owner_id`, `client_redirect_uri`, `created_at`, `updated_at`) VALUES
(1, 'id1', 'user', '1', NULL, '2017-10-07 16:38:28', '2017-10-07 16:38:28'),
(2, 'id1', 'user', '1', NULL, '2017-10-07 16:38:40', '2017-10-07 16:38:40'),
(3, 'id1', 'user', '1', NULL, '2017-10-07 16:38:48', '2017-10-07 16:38:48'),
(4, 'id1', 'user', '1', NULL, '2017-10-07 16:38:50', '2017-10-07 16:38:50'),
(5, 'id1', 'user', '2', NULL, '2017-10-08 19:29:21', '2017-10-08 19:29:21'),
(6, 'id1', 'user', '2', NULL, '2017-10-08 19:42:26', '2017-10-08 19:42:26'),
(7, 'id1', 'user', '2', NULL, '2017-10-08 19:45:13', '2017-10-08 19:45:13'),
(8, 'id1', 'user', '2', NULL, '2017-10-08 19:46:18', '2017-10-08 19:46:18'),
(9, 'id1', 'user', '2', NULL, '2017-10-08 19:46:30', '2017-10-08 19:46:30'),
(10, 'id1', 'user', '2', NULL, '2017-10-08 19:46:31', '2017-10-08 19:46:31');

-- --------------------------------------------------------

--
-- Table structure for table `oauth_session_scopes`
--

DROP TABLE IF EXISTS `oauth_session_scopes`;
CREATE TABLE IF NOT EXISTS `oauth_session_scopes` (
  `id` int(10) UNSIGNED NOT NULL AUTO_INCREMENT,
  `session_id` int(10) UNSIGNED NOT NULL,
  `scope_id` varchar(40) COLLATE utf8_unicode_ci NOT NULL,
  `created_at` timestamp NOT NULL DEFAULT '0000-00-00 00:00:00',
  `updated_at` timestamp NOT NULL DEFAULT '0000-00-00 00:00:00',
  PRIMARY KEY (`id`),
  KEY `oauth_session_scopes_session_id_index` (`session_id`),
  KEY `oauth_session_scopes_scope_id_index` (`scope_id`)
) ENGINE=MyISAM DEFAULT CHARSET=utf8 COLLATE=utf8_unicode_ci;

-- --------------------------------------------------------

--
-- Table structure for table `students`
--

DROP TABLE IF EXISTS `students`;
CREATE TABLE IF NOT EXISTS `students` (
  `id` int(10) UNSIGNED NOT NULL AUTO_INCREMENT,
  `name` varchar(255) COLLATE utf8_unicode_ci NOT NULL,
  `address` varchar(255) COLLATE utf8_unicode_ci NOT NULL,
  `phone` varchar(255) COLLATE utf8_unicode_ci NOT NULL,
  `career` varchar(255) COLLATE utf8_unicode_ci NOT NULL,
  `created_at` timestamp NOT NULL DEFAULT '0000-00-00 00:00:00',
  `updated_at` timestamp NOT NULL DEFAULT '0000-00-00 00:00:00',
  PRIMARY KEY (`id`)
) ENGINE=MyISAM AUTO_INCREMENT=501 DEFAULT CHARSET=utf8 COLLATE=utf8_unicode_ci;

--
-- Dumping data for table `students`
--

INSERT INTO `students` (`id`, `name`, `address`, `phone`, `career`, `created_at`, `updated_at`) VALUES
(1, 'Deven Koss', '25269 Mraz Circle\nPort Delphia, RI 39400-0371', '+16693335882', 'engineering', '2017-10-07 16:18:50', '2017-10-07 16:18:50'),
(2, 'Aiden Rohan', '3267 Russel Brook Suite 155\nNorth Oswald, AK 80841', '852-219-3928 x55934', 'math', '2017-10-07 16:18:50', '2017-10-07 16:18:50'),
(3, 'Jany Watsica', '588 Evangeline Harbor\nPort Ronnyview, MS 85157-0882', '1-216-856-6078 x3496', 'math', '2017-10-07 16:18:50', '2017-10-07 16:18:50'),
(4, 'Eliane Zemlak', '2318 Blanda Crossing Suite 098\nMosciskiborough, NJ 63473', '1-368-256-5041', 'engineering', '2017-10-07 16:18:50', '2017-10-07 16:18:50'),
(5, 'Prof. Jaclyn Moen II', '6285 Kattie Spring\nNorth Delfinafurt, CT 42105', '(964) 485-8365 x270', 'math', '2017-10-07 16:18:50', '2017-10-07 16:18:50'),
(6, 'Verna Mohr DVM', '81417 Lacy River Suite 589\nWest Jeremymouth, NY 10955', '1-863-550-6484', 'engineering', '2017-10-07 16:18:50', '2017-10-07 16:18:50'),
(7, 'Prof. Tierra Jast MD', '9144 Jaiden Lakes\nEast Sistertown, OR 54745', '+1-214-477-3542', 'engineering', '2017-10-07 16:18:50', '2017-10-07 16:18:50'),
(8, 'Dr. Kirk Price', '33714 Cartwright Way\nWest Ashlynnport, AK 02878-4772', '(289) 965-7167', 'physics', '2017-10-07 16:18:50', '2017-10-07 16:18:50'),
(9, 'Dr. Arnaldo Stokes III', '31442 Hodkiewicz Glen\nEast Carolannemouth, NH 88208-5549', '268-721-2482', 'physics', '2017-10-07 16:18:50', '2017-10-07 16:18:50'),
(10, 'Grace Hackett', '385 Janae Corner\nGerrymouth, CA 60696-7041', '1-638-358-6139', 'math', '2017-10-07 16:18:50', '2017-10-07 16:18:50'),
(11, 'Emil Armstrong', '777 Jedediah Stream Suite 349\nEast Eribertofurt, WY 41491', '1-217-705-0330 x5025', 'math', '2017-10-07 16:18:50', '2017-10-07 16:18:50'),
(12, 'Prof. Athena Zieme V', '3046 Theodore Summit Apt. 071\nStromanfort, ME 05826-1054', '(725) 348-2596', 'engineering', '2017-10-07 16:18:50', '2017-10-07 16:18:50'),
(13, 'Ms. Matilda Wisoky Jr.', '3936 Fatima Forest Suite 940\nUptonfurt, MS 44456-4279', '972.577.2867', 'engineering', '2017-10-07 16:18:50', '2017-10-07 16:18:50'),
(14, 'Gordon Corkery', '3084 Eulah Orchard\nSouth Albertview, VT 02218', '523-978-5958 x998', 'math', '2017-10-07 16:18:50', '2017-10-07 16:18:50'),
(15, 'Mrs. Roberta Lakin', '32201 Beier Springs\nRueckertown, HI 50589-0395', '(732) 478-1707 x996', 'engineering', '2017-10-07 16:18:50', '2017-10-07 16:18:50'),
(16, 'Damon Carroll', '39143 Predovic Parks\nHandhaven, NH 71497', '381-987-4644 x458', 'math', '2017-10-07 16:18:50', '2017-10-07 16:18:50'),
(17, 'Macy Walker', '2671 Greenfelder Lights\nMelvinshire, IA 43596', '(378) 972-7519 x644', 'physics', '2017-10-07 16:18:50', '2017-10-07 16:18:50'),
(18, 'Dr. Jaida Mueller IV', '1086 Deion Vista Apt. 728\nKraigbury, AK 16239-1675', '987-503-4554', 'engineering', '2017-10-07 16:18:50', '2017-10-07 16:18:50'),
(19, 'Sarina Huel', '40034 Emerson Crossroad Suite 111\nNorth Abbey, AK 67088-9437', '680.470.7057 x42192', 'math', '2017-10-07 16:18:50', '2017-10-07 16:18:50'),
(20, 'Dr. Alexys Konopelski I', '24464 Alejandrin Ports\nWest Lewisstad, MO 89669-3238', '1-580-229-3533 x91820', 'math', '2017-10-07 16:18:50', '2017-10-07 16:18:50'),
(21, 'Maureen Rodriguez', '87613 Elizabeth Bridge Suite 299\nNew Jedediah, ND 50181', '374-446-5870 x72359', 'math', '2017-10-07 16:18:50', '2017-10-07 16:18:50'),
(22, 'Elenor Schroeder', '11069 Hellen Meadows Suite 337\nSawaynside, MT 96062-2283', '617-380-6598 x4206', 'physics', '2017-10-07 16:18:50', '2017-10-07 16:18:50'),
(23, 'Dorothy Carter', '87232 Kuhn Station\nNorth Beulah, MI 66457', '730.782.2476 x643', 'engineering', '2017-10-07 16:18:50', '2017-10-07 16:18:50'),
(24, 'Prof. Verla Grady II', '626 Fritsch Valley\nEast Danteshire, AZ 81961-7446', '+19466092589', 'physics', '2017-10-07 16:18:50', '2017-10-07 16:18:50'),
(25, 'Mr. Korbin Mraz', '82698 Clifton Extensions Apt. 412\nHirthemouth, NJ 98929', '(758) 414-4489 x9625', 'physics', '2017-10-07 16:18:50', '2017-10-07 16:18:50'),
(26, 'Maybelle Boyle', '8758 Brekke Light\nWest Efrain, VT 32392', '1-635-858-4130 x69281', 'physics', '2017-10-07 16:18:50', '2017-10-07 16:18:50'),
(27, 'Sylvester Barton III', '11355 Alexie Lane Suite 614\nSouth Kiana, MT 19060', '905-804-5427 x3894', 'math', '2017-10-07 16:18:50', '2017-10-07 16:18:50'),
(28, 'Mr. Ellis Schoen I', '42399 Emard Greens Suite 042\nSammouth, OK 29226-5980', '1-545-495-7295', 'math', '2017-10-07 16:18:50', '2017-10-07 16:18:50'),
(29, 'Sylvan Goyette', '685 Auer Prairie Apt. 747\nWest Lavinabury, HI 85972-2279', '(437) 919-0803 x3473', 'physics', '2017-10-07 16:18:50', '2017-10-07 16:18:50'),
(30, 'Mr. Joshuah Fadel', '516 Robbie Forest Suite 895\nKyrafurt, MI 76168', '661.776.0952', 'physics', '2017-10-07 16:18:50', '2017-10-07 16:18:50'),
(31, 'Mrs. Brisa Schoen', '73980 Thompson Light\nNorth Osbaldohaven, NC 07924', '1-284-214-7243 x847', 'math', '2017-10-07 16:18:50', '2017-10-07 16:18:50'),
(32, 'Dexter Connelly', '74784 Eva Squares Apt. 467\nNew Melyna, MS 72391-1860', '(943) 419-5638', 'math', '2017-10-07 16:18:50', '2017-10-07 16:18:50'),
(33, 'Ms. Audrey Pacocha II', '473 Gloria Ridges\nNew Ryleemouth, CA 54606', '(316) 421-1279 x765', 'engineering', '2017-10-07 16:18:50', '2017-10-07 16:18:50'),
(34, 'Prince Hessel', '31290 Broderick Land\nNew Osvaldostad, OK 92850-9564', '315-659-0301 x3711', 'math', '2017-10-07 16:18:50', '2017-10-07 16:18:50'),
(35, 'Hardy Labadie', '15412 Kertzmann Courts Suite 394\nEast Hosea, ND 63884', '917.957.9041 x870', 'math', '2017-10-07 16:18:50', '2017-10-07 16:18:50'),
(36, 'Mr. Westley White', '36718 Thiel Park Apt. 980\nNorth Julianaborough, OR 85576-0074', '+1-846-726-9052', 'physics', '2017-10-07 16:18:50', '2017-10-07 16:18:50'),
(37, 'Avis Ernser', '7100 Effertz Walk\nJamarport, DE 45006', '243-532-2765 x1556', 'math', '2017-10-07 16:18:50', '2017-10-07 16:18:50'),
(38, 'Adan Padberg', '9072 Karen Squares\nEast Mylene, UT 77324-8356', '+1.330.922.7164', 'engineering', '2017-10-07 16:18:50', '2017-10-07 16:18:50'),
(39, 'Talia Kiehn', '5304 Daniel Viaduct\nSouth Josephville, AR 32688', '1-213-764-2744 x192', 'engineering', '2017-10-07 16:18:50', '2017-10-07 16:18:50'),
(40, 'Polly Marquardt', '565 Sven Street\nAndyport, AZ 61337', '(948) 428-9114', 'math', '2017-10-07 16:18:50', '2017-10-07 16:18:50'),
(41, 'Prof. Rhoda Gibson V', '40176 Gennaro Drive\nGreenfeldermouth, OR 14758-7951', '308.460.2251', 'physics', '2017-10-07 16:18:50', '2017-10-07 16:18:50'),
(42, 'Dr. Calista Goodwin', '851 Hermann Skyway\nWest Lafayette, UT 99500-5511', '(919) 913-8072 x272', 'engineering', '2017-10-07 16:18:50', '2017-10-07 16:18:50'),
(43, 'Sidney Douglas Jr.', '810 Ericka Flats\nNew Jonathonberg, SD 33847', '+1 (204) 850-8920', 'physics', '2017-10-07 16:18:50', '2017-10-07 16:18:50'),
(44, 'Mark Collier II', '487 Wilma Street\nWest Vella, WV 87956', '1-448-797-0441 x25703', 'engineering', '2017-10-07 16:18:50', '2017-10-07 16:18:50'),
(45, 'Pete Muller V', '583 D\'angelo Stream Apt. 279\nReeceburgh, AZ 67274', '+1-326-693-6682', 'math', '2017-10-07 16:18:50', '2017-10-07 16:18:50'),
(46, 'Mr. Cordell Kuhn Sr.', '7372 Susana Mews\nFletcherville, KS 56929', '1-598-932-5789 x950', 'math', '2017-10-07 16:18:50', '2017-10-07 16:18:50'),
(47, 'Prof. Oceane Bernhard PhD', '21185 Hilpert Grove Apt. 061\nKubland, RI 04695', '(838) 237-7427 x24386', 'physics', '2017-10-07 16:18:50', '2017-10-07 16:18:50'),
(48, 'Iliana Mueller', '2333 Sid Via\nWest Santashire, WV 24363-5506', '+1-738-248-3050', 'engineering', '2017-10-07 16:18:50', '2017-10-07 16:18:50'),
(49, 'Joshua Bailey', '647 Kris Ridge\nPort Alexandrinefort, SD 08561', '(384) 671-7662 x544', 'engineering', '2017-10-07 16:18:50', '2017-10-07 16:18:50'),
(50, 'Madilyn Mohr', '4782 Rau Tunnel\nAileenville, DC 53918', '910.251.0885 x28044', 'math', '2017-10-07 16:18:50', '2017-10-07 16:18:50'),
(51, 'Freida Rolfson', '6375 Fiona Spurs Suite 631\nPort Emelie, VA 19309-1243', '689.300.7551', 'math', '2017-10-07 16:18:50', '2017-10-07 16:18:50'),
(52, 'Earnest Emmerich', '9207 Runolfsdottir Crossroad Suite 220\nKingport, IL 84423', '(785) 696-5752 x39823', 'physics', '2017-10-07 16:18:50', '2017-10-07 16:18:50'),
(53, 'Dr. Selena McDermott', '338 Schaefer Fork\nAdrainchester, MI 18850', '(484) 789-1039 x5588', 'math', '2017-10-07 16:18:50', '2017-10-07 16:18:50'),
(54, 'Dr. Mina Spinka III', '4644 Yost Ports Apt. 513\nWilbermouth, LA 37385-3438', '1-762-981-7666 x49409', 'engineering', '2017-10-07 16:18:50', '2017-10-07 16:18:50'),
(55, 'Prof. Alphonso Wyman', '67325 Tamara Branch Apt. 133\nEast Fannyhaven, OR 23654', '820-467-5286', 'physics', '2017-10-07 16:18:50', '2017-10-07 16:18:50'),
(56, 'Mrs. Amie Price I', '32634 Hettinger Gateway Apt. 291\nKleinville, NJ 86390', '459.523.9359 x105', 'engineering', '2017-10-07 16:18:50', '2017-10-07 16:18:50'),
(57, 'Dr. Duncan Shields Jr.', '11377 Quitzon Skyway\nLake Kayden, HI 55025', '473-287-6421', 'math', '2017-10-07 16:18:50', '2017-10-07 16:18:50'),
(58, 'Mr. Durward Renner', '719 Glover Flat Suite 898\nWest Marilie, LA 61510', '424.959.3750 x64588', 'engineering', '2017-10-07 16:18:50', '2017-10-07 16:18:50'),
(59, 'Cayla Lehner', '7596 Willa Club\nWest Cyril, NJ 39201', '+13954582536', 'math', '2017-10-07 16:18:50', '2017-10-07 16:18:50'),
(60, 'Dana Muller', '2259 Johnston Canyon\nNorth Jonathonbury, ME 92166', '702.838.4334 x76468', 'engineering', '2017-10-07 16:18:50', '2017-10-07 16:18:50'),
(61, 'Kallie Stiedemann', '557 Hegmann Lock Apt. 503\nNew Effie, WV 52290-4244', '1-662-784-2417', 'physics', '2017-10-07 16:18:50', '2017-10-07 16:18:50'),
(62, 'River Hansen', '56713 Dulce Glens Apt. 445\nEast Francisco, NE 25710-7171', '798-716-5514 x581', 'engineering', '2017-10-07 16:18:50', '2017-10-07 16:18:50'),
(63, 'Prof. Dustin Welch', '50553 Jazlyn Parkway Suite 981\nChristiansenberg, MI 84462', '+1-251-748-5331', 'engineering', '2017-10-07 16:18:50', '2017-10-07 16:18:50'),
(64, 'Mr. Keshawn Harber', '4940 Grimes Fort Suite 255\nBorerberg, MS 54712-9449', '1-456-389-7788 x83179', 'math', '2017-10-07 16:18:50', '2017-10-07 16:18:50'),
(65, 'Mr. Adolphus Greenholt DVM', '899 Kihn Pines Apt. 405\nDietrichstad, TX 71357', '+1-929-751-5198', 'math', '2017-10-07 16:18:50', '2017-10-07 16:18:50'),
(66, 'Davonte Little MD', '2433 Cara Glen Apt. 379\nSkilesville, SC 38991-9543', '615-664-8139 x664', 'physics', '2017-10-07 16:18:50', '2017-10-07 16:18:50'),
(67, 'Olaf Pacocha', '84914 Dickens Inlet Suite 557\nHegmannstad, SD 12656-0854', '935-262-9616 x911', 'math', '2017-10-07 16:18:50', '2017-10-07 16:18:50'),
(68, 'Peggie Gutmann I', '718 Braxton Expressway Apt. 451\nMarilynefurt, WY 58079-3996', '871-566-0290 x92707', 'physics', '2017-10-07 16:18:50', '2017-10-07 16:18:50'),
(69, 'Candida Walter', '18676 Monty Skyway Suite 943\nJohnbury, PA 98954-8641', '(640) 314-4386 x755', 'engineering', '2017-10-07 16:18:50', '2017-10-07 16:18:50'),
(70, 'Destiney Gutkowski', '8567 Godfrey Green\nOrtiztown, FL 56481', '+1-618-955-1666', 'math', '2017-10-07 16:18:50', '2017-10-07 16:18:50'),
(71, 'Agustin Wunsch', '330 Candelario Landing\nMarquardtton, VA 35664-2047', '1-559-846-1877 x422', 'physics', '2017-10-07 16:18:50', '2017-10-07 16:18:50'),
(72, 'Prof. Sierra Harber MD', '55124 Janis Pines\nNew Adolph, MI 89374-8523', '221.562.0907 x25716', 'engineering', '2017-10-07 16:18:50', '2017-10-07 16:18:50'),
(73, 'Tatyana Cronin I', '21591 Esteban Via Suite 280\nSouth Bennie, WA 51433', '281.218.8805', 'physics', '2017-10-07 16:18:50', '2017-10-07 16:18:50'),
(74, 'Leonard Zboncak PhD', '100 Franco Mews\nWest Tyson, OK 09040', '(693) 335-8730', 'physics', '2017-10-07 16:18:50', '2017-10-07 16:18:50'),
(75, 'Yasmine Hermann', '6661 Jakubowski Key\nLake Gay, HI 46378', '231-628-1882', 'physics', '2017-10-07 16:18:50', '2017-10-07 16:18:50'),
(76, 'Carole Fahey', '855 Kattie Route\nSouth Genevieve, AR 79708-2458', '(378) 466-2749 x7032', 'engineering', '2017-10-07 16:18:50', '2017-10-07 16:18:50'),
(77, 'Arnulfo Marquardt III', '5882 Larkin Loaf\nPort Karinaborough, NH 99433', '(523) 607-3688', 'physics', '2017-10-07 16:18:50', '2017-10-07 16:18:50'),
(78, 'Mrs. Dorothy Deckow V', '22924 Huels Forks\nDarrenville, OR 94268-1628', '(865) 288-5346', 'physics', '2017-10-07 16:18:50', '2017-10-07 16:18:50'),
(79, 'Tiffany Boehm DVM', '4465 Stracke Shoal\nEast Staceyshire, WV 12390', '485.243.3937', 'physics', '2017-10-07 16:18:50', '2017-10-07 16:18:50'),
(80, 'Sallie Beahan', '804 Purdy Prairie\nChazmouth, MS 99785-4620', '1-279-510-4013 x3010', 'engineering', '2017-10-07 16:18:50', '2017-10-07 16:18:50'),
(81, 'Mrs. Bella Swift III', '926 Kody Lake Apt. 275\nWelchfort, OH 07072', '+1 (790) 491-3412', 'math', '2017-10-07 16:18:50', '2017-10-07 16:18:50'),
(82, 'Prof. Kris Vandervort', '677 Bode Pike Suite 666\nHellerside, MS 51624-0796', '+1.558.357.7784', 'engineering', '2017-10-07 16:18:50', '2017-10-07 16:18:50'),
(83, 'Dr. Theo Huels MD', '62605 Domenick Streets Suite 157\nNew Otto, ND 23692-5231', '460-233-5420 x247', 'physics', '2017-10-07 16:18:50', '2017-10-07 16:18:50'),
(84, 'Hillard Ullrich', '424 Funk Streets\nPort Cheyenne, OK 81824', '275-767-3242 x967', 'physics', '2017-10-07 16:18:50', '2017-10-07 16:18:50'),
(85, 'April Schneider I', '3618 Shanahan Expressway Suite 592\nDeloresmouth, OR 74715-9104', '(619) 764-1249 x22772', 'engineering', '2017-10-07 16:18:50', '2017-10-07 16:18:50'),
(86, 'Constance Mraz III', '493 Hudson Vista\nNew Dellaside, TN 70932', '770.895.1868', 'math', '2017-10-07 16:18:50', '2017-10-07 16:18:50'),
(87, 'Alberta Harvey', '915 Meta Ports Suite 451\nSouth Eugenia, VA 08183-6929', '1-659-397-7936 x35582', 'math', '2017-10-07 16:18:50', '2017-10-07 16:18:50'),
(88, 'Doris Zemlak', '687 Terry Plaza Apt. 875\nWest Rosalyn, NH 36342', '1-940-332-2449', 'physics', '2017-10-07 16:18:50', '2017-10-07 16:18:50'),
(89, 'Lucile Dooley', '746 Wilderman Freeway Apt. 331\nEast Glendaville, UT 02196', '501-987-5487 x77136', 'math', '2017-10-07 16:18:50', '2017-10-07 16:18:50'),
(90, 'Ellis Dooley', '1111 Leannon Street Suite 525\nCaleighburgh, AR 04607', '629-245-2132 x99423', 'physics', '2017-10-07 16:18:50', '2017-10-07 16:18:50'),
(91, 'Odell Zulauf Jr.', '61174 Kirsten Route Suite 749\nRatkeberg, DE 31471-7245', '+1.437.329.6032', 'physics', '2017-10-07 16:18:50', '2017-10-07 16:18:50'),
(92, 'Jeanette Hickle', '73191 Bailey Mount\nNew Miracleport, MS 87279', '1-431-785-5604', 'engineering', '2017-10-07 16:18:50', '2017-10-07 16:18:50'),
(93, 'Miss Birdie Nicolas MD', '43199 Quigley Turnpike\nJoanniemouth, HI 15275-9471', '762.932.1900 x03948', 'math', '2017-10-07 16:18:50', '2017-10-07 16:18:50'),
(94, 'Talon VonRueden', '69128 Muller Neck Apt. 478\nNew Luciousmouth, HI 40980', '1-453-569-1381', 'math', '2017-10-07 16:18:50', '2017-10-07 16:18:50'),
(95, 'Ciara Collins', '570 Rowena Stream Suite 312\nNew Simborough, IN 84911-4041', '623.363.8062 x08785', 'math', '2017-10-07 16:18:50', '2017-10-07 16:18:50'),
(96, 'Prof. Trenton Hagenes', '3768 Jocelyn Wells\nEast Danyka, IL 91397', '753.678.1730 x63902', 'math', '2017-10-07 16:18:50', '2017-10-07 16:18:50'),
(97, 'Arturo Gleichner', '6428 Jessy Cape\nEast Treytown, WA 27150', '1-901-228-5779 x242', 'engineering', '2017-10-07 16:18:50', '2017-10-07 16:18:50'),
(98, 'Mr. Zackery Lindgren Sr.', '453 Llewellyn Squares\nHilllmouth, MO 01057-6975', '531-341-5946', 'math', '2017-10-07 16:18:50', '2017-10-07 16:18:50'),
(99, 'Marlen Streich', '150 Janessa Forest Suite 200\nTillmanland, VT 95252', '+1 (326) 876-2599', 'physics', '2017-10-07 16:18:50', '2017-10-07 16:18:50'),
(100, 'Cicero McGlynn', '372 Gertrude Viaduct\nLake Audra, DE 47933', '+19213272165', 'math', '2017-10-07 16:18:50', '2017-10-07 16:18:50'),
(101, 'Vicky O\'Reilly', '512 Rippin Island Suite 281\nNorth Abelardoview, IL 37469', '+1-627-907-9353', 'engineering', '2017-10-07 16:18:50', '2017-10-07 16:18:50'),
(102, 'Constantin Goldner', '5733 Leslie Mountains Apt. 959\nBeerview, WY 44602-2965', '920-341-7478', 'physics', '2017-10-07 16:18:50', '2017-10-07 16:18:50'),
(103, 'Doris Blick', '58770 Vandervort Court Apt. 933\nHegmannville, MA 10999-0932', '(297) 868-0653', 'physics', '2017-10-07 16:18:50', '2017-10-07 16:18:50'),
(104, 'Prof. Tyreek Mraz DDS', '5852 Cronin Estate\nKilbackton, DE 46464-6614', '(492) 334-7996 x5653', 'physics', '2017-10-07 16:18:50', '2017-10-07 16:18:50'),
(105, 'Abelardo Schuppe', '115 Glover Locks Suite 603\nTimmyside, TX 08269-6135', '+1-314-699-2783', 'engineering', '2017-10-07 16:18:50', '2017-10-07 16:18:50'),
(106, 'Nicolette Hettinger', '285 Ernser Motorway\nNew Imani, IA 41206', '476.908.5672', 'math', '2017-10-07 16:18:50', '2017-10-07 16:18:50'),
(107, 'Mrs. Eleanore Bednar DDS', '566 Kautzer Spur\nNorth Margiemouth, KY 89932-8384', '1-452-305-2174 x388', 'math', '2017-10-07 16:18:50', '2017-10-07 16:18:50'),
(108, 'Miss Lue Heathcote I', '97764 Kira Place Apt. 878\nRueckerchester, NM 99738', '(391) 609-7659 x27003', 'physics', '2017-10-07 16:18:50', '2017-10-07 16:18:50'),
(109, 'Prof. Golden Schuppe DDS', '43056 Kenny Park Suite 509\nMarleefort, CA 61864-3504', '813.857.6285 x39225', 'physics', '2017-10-07 16:18:50', '2017-10-07 16:18:50'),
(110, 'Arvid Reynolds', '561 Crist Corners\nAbshirehaven, NE 93136-2830', '+1 (310) 523-1575', 'physics', '2017-10-07 16:18:50', '2017-10-07 16:18:50'),
(111, 'Alana Lindgren', '396 Miller Squares Apt. 650\nPort Francisca, NJ 46555-7933', '(828) 451-8744', 'math', '2017-10-07 16:18:50', '2017-10-07 16:18:50'),
(112, 'Kelsi Satterfield', '210 Bo Creek\nNew Anahiborough, MI 00011', '+1.728.768.3378', 'physics', '2017-10-07 16:18:50', '2017-10-07 16:18:50'),
(113, 'Sigrid Prosacco', '42637 Huel Inlet Suite 609\nJuliusview, IA 64496-5367', '1-486-381-4122 x84238', 'math', '2017-10-07 16:18:50', '2017-10-07 16:18:50'),
(114, 'Gwendolyn Kuhic', '19002 Carter Light\nLittleberg, MN 34454', '(746) 755-3584 x013', 'math', '2017-10-07 16:18:50', '2017-10-07 16:18:50'),
(115, 'Katelin Quitzon', '5311 Ullrich Stream\nTerryfurt, FL 02744', '1-249-917-9118 x828', 'physics', '2017-10-07 16:18:50', '2017-10-07 16:18:50'),
(116, 'Dr. Vita Heller III', '550 Robb Ports Apt. 625\nLake William, NY 91829-1815', '915.577.3864', 'engineering', '2017-10-07 16:18:50', '2017-10-07 16:18:50'),
(117, 'Karina Parisian', '9216 Julianne Harbors\nWest Florida, VA 00759-8674', '(445) 858-1069', 'math', '2017-10-07 16:18:50', '2017-10-07 16:18:50'),
(118, 'Nicklaus Johnson', '44907 Viola Ports\nBirdieberg, DC 46025-0031', '689.516.1129', 'physics', '2017-10-07 16:18:50', '2017-10-07 16:18:50'),
(119, 'Leonardo Simonis', '68138 Koepp Spring Suite 388\nRobelfurt, AK 02364-7368', '+1.431.693.1434', 'engineering', '2017-10-07 16:18:50', '2017-10-07 16:18:50'),
(120, 'Mr. Makenna Sipes PhD', '2176 Myrna Squares\nWest Shainaberg, RI 85617-8733', '886.933.6921', 'math', '2017-10-07 16:18:50', '2017-10-07 16:18:50'),
(121, 'Cleveland O\'Kon MD', '80447 Kulas Ranch Apt. 583\nGibsonburgh, WY 59539-3890', '+1 (230) 489-9936', 'math', '2017-10-07 16:18:50', '2017-10-07 16:18:50'),
(122, 'Miss Trycia Brown', '72591 Harber Row Suite 639\nLake Abe, TN 92140', '(656) 612-6179 x2065', 'physics', '2017-10-07 16:18:50', '2017-10-07 16:18:50'),
(123, 'Brendan Beier', '61879 Shawn Forge Apt. 302\nDanniemouth, SD 90335-6676', '296.854.3433 x686', 'math', '2017-10-07 16:18:50', '2017-10-07 16:18:50'),
(124, 'Miss Eula Jenkins', '2398 Emmalee Burg Apt. 011\nTerrystad, VT 02557', '+1 (623) 774-8111', 'math', '2017-10-07 16:18:50', '2017-10-07 16:18:50'),
(125, 'Violet Aufderhar', '1592 Shanahan Fall Apt. 306\nNorth Simone, CT 12645', '+1.396.863.2577', 'physics', '2017-10-07 16:18:50', '2017-10-07 16:18:50'),
(126, 'Lisette Dicki', '8510 Michel Spurs\nNorth Modesta, SD 39168', '1-467-706-8643', 'engineering', '2017-10-07 16:18:50', '2017-10-07 16:18:50'),
(127, 'Stephanie Abbott', '13294 Roxane Cliff\nWest Darrelside, SC 95246-3788', '(905) 613-3931 x9982', 'engineering', '2017-10-07 16:18:50', '2017-10-07 16:18:50'),
(128, 'Miss Eda Cormier', '23118 McDermott Circle\nOrnbury, WV 66500-6682', '380-651-2590 x10612', 'math', '2017-10-07 16:18:50', '2017-10-07 16:18:50'),
(129, 'Prof. Axel Watsica', '535 Tobin Summit\nNew Clarissa, MA 06545-0666', '938-875-9920', 'engineering', '2017-10-07 16:18:50', '2017-10-07 16:18:50'),
(130, 'Miss Danika Ritchie', '59028 Nico Stravenue\nEast Monteton, WV 86548-1528', '(407) 423-2079 x46754', 'math', '2017-10-07 16:18:50', '2017-10-07 16:18:50'),
(131, 'Dario Willms DDS', '2898 Kirlin Circles\nNew Mackenziemouth, CT 06984-3062', '994-830-4903 x2691', 'math', '2017-10-07 16:18:50', '2017-10-07 16:18:50'),
(132, 'Lawrence Koelpin', '7594 Betty Ridges\nNorth Kane, ND 61450-2556', '+1.273.751.1782', 'physics', '2017-10-07 16:18:50', '2017-10-07 16:18:50'),
(133, 'Colby Waelchi', '7210 Hand Tunnel\nEast Michele, NJ 93416-1774', '+1.246.817.0628', 'math', '2017-10-07 16:18:50', '2017-10-07 16:18:50'),
(134, 'Mauricio Fadel', '358 Ismael Union\nNorth Lanceview, ND 23428-4790', '1-314-437-1205', 'math', '2017-10-07 16:18:50', '2017-10-07 16:18:50'),
(135, 'Helena Hickle', '8208 Schimmel Walk Suite 788\nPort Luciostad, GA 26283-3185', '+12755765617', 'physics', '2017-10-07 16:18:50', '2017-10-07 16:18:50'),
(136, 'Kaleb Dickens', '52348 Rogahn Drive Suite 341\nSchultzfort, MI 75347', '1-931-638-7384 x081', 'engineering', '2017-10-07 16:18:50', '2017-10-07 16:18:50'),
(137, 'Ms. Haven Leuschke III', '9875 Hayden Estate Apt. 998\nNew Freida, AZ 23376-4874', '1-760-384-0448 x47638', 'engineering', '2017-10-07 16:18:50', '2017-10-07 16:18:50'),
(138, 'Yadira McKenzie', '92275 Katarina Rapids Apt. 977\nJaronland, ID 99287', '958.248.3531', 'engineering', '2017-10-07 16:18:50', '2017-10-07 16:18:50'),
(139, 'Prof. Nelson Luettgen PhD', '462 Trantow Extension Apt. 131\nOraview, WI 47506-0349', '+14463152396', 'math', '2017-10-07 16:18:50', '2017-10-07 16:18:50'),
(140, 'Shaniya Hand', '3619 Herzog Course Suite 589\nPort Emmanuel, CT 00738-0061', '1-951-839-9457 x408', 'engineering', '2017-10-07 16:18:50', '2017-10-07 16:18:50'),
(141, 'Cristian Kohler', '34281 Francis Plains\nLake Jacksonville, TX 35329-4100', '1-423-566-7915', 'physics', '2017-10-07 16:18:50', '2017-10-07 16:18:50'),
(142, 'Gianni Kreiger', '126 Nyah Prairie Apt. 128\nSouth Remingtonton, VT 28086', '+17014881675', 'engineering', '2017-10-07 16:18:50', '2017-10-07 16:18:50'),
(143, 'Savannah Anderson', '10232 Leffler Summit\nRunteport, WA 23382', '1-205-718-8016', 'engineering', '2017-10-07 16:18:50', '2017-10-07 16:18:50'),
(144, 'Uriah Franecki', '3342 Ressie Courts\nWest Gabe, MD 63902', '546-639-4435 x6617', 'engineering', '2017-10-07 16:18:50', '2017-10-07 16:18:50'),
(145, 'Gwendolyn Hoeger', '3886 Prosacco Fort\nWest Nayelimouth, MA 89902-6679', '1-994-449-6280 x616', 'engineering', '2017-10-07 16:18:50', '2017-10-07 16:18:50'),
(146, 'Malika Lind', '645 Loyal Inlet Suite 321\nNorth Muriel, MO 24968-4432', '620.588.3690', 'math', '2017-10-07 16:18:50', '2017-10-07 16:18:50'),
(147, 'Uriah Smitham I', '35881 Hilbert Corner\nSouth Bernhardfort, DE 05069-1947', '(394) 831-0655 x7301', 'engineering', '2017-10-07 16:18:50', '2017-10-07 16:18:50'),
(148, 'Mr. Payton Grimes', '5573 Lexie Vista Suite 333\nNew Letitiahaven, OK 86000', '1-871-740-9998 x034', 'math', '2017-10-07 16:18:50', '2017-10-07 16:18:50'),
(149, 'Prof. Estel Murray DVM', '195 Tremblay Row\nGreenmouth, KY 01603-1474', '813.621.0677', 'math', '2017-10-07 16:18:50', '2017-10-07 16:18:50'),
(150, 'Keagan Walker', '3793 Darrell Street Suite 970\nCarsonside, LA 17432-3512', '820-726-4193', 'physics', '2017-10-07 16:18:50', '2017-10-07 16:18:50'),
(151, 'Emelie Schroeder', '359 Stanton Ranch\nDianabury, TX 14336-8976', '(790) 898-5220', 'math', '2017-10-07 16:18:50', '2017-10-07 16:18:50'),
(152, 'Alvis McDermott', '755 Heller Heights Suite 660\nNew Emmet, LA 66508', '+1-467-682-8468', 'math', '2017-10-07 16:18:50', '2017-10-07 16:18:50'),
(153, 'Mr. Laverna Blanda', '804 Cartwright Rest Suite 775\nPfannerstillbury, FL 99520-3329', '(445) 586-4698 x947', 'engineering', '2017-10-07 16:18:50', '2017-10-07 16:18:50'),
(154, 'Aurore Trantow', '786 Drake Pines Suite 559\nNew Dale, WV 40686-7879', '931.957.2092 x15652', 'physics', '2017-10-07 16:18:50', '2017-10-07 16:18:50'),
(155, 'Melissa Legros', '9102 Mills Mountains\nNew Arnoldshire, WI 25391-5699', '+1-998-876-2139', 'physics', '2017-10-07 16:18:50', '2017-10-07 16:18:50'),
(156, 'Brain Mertz', '84337 Forest Bypass Suite 507\nNorth Mozell, AK 12213-3538', '+14508107461', 'math', '2017-10-07 16:18:50', '2017-10-07 16:18:50'),
(157, 'Yolanda Emard', '548 White Pine\nAdamsville, WY 16742', '392-717-8481', 'engineering', '2017-10-07 16:18:50', '2017-10-07 16:18:50'),
(158, 'Mrs. Ivah Bartoletti Sr.', '8904 Newell Ford\nEast Wainotown, KS 75667-5429', '494-358-8718', 'physics', '2017-10-07 16:18:50', '2017-10-07 16:18:50'),
(159, 'Deven Abernathy', '1914 Kaleb Road Suite 322\nSouth Antoinetteshire, MI 94576', '(636) 780-0538 x9429', 'engineering', '2017-10-07 16:18:50', '2017-10-07 16:18:50'),
(160, 'Isai Larkin', '81426 Carissa Key\nEast Thalia, MO 96577-6640', '(407) 458-1338 x90083', 'physics', '2017-10-07 16:18:50', '2017-10-07 16:18:50'),
(161, 'Edythe Hyatt II', '995 Eichmann Courts Suite 354\nHermannfort, CA 69666', '516-707-8717', 'math', '2017-10-07 16:18:50', '2017-10-07 16:18:50'),
(162, 'Mr. Rowan Beer', '68083 Zachary Heights Apt. 864\nLuciefurt, WI 35440-6747', '+1-453-349-9494', 'math', '2017-10-07 16:18:50', '2017-10-07 16:18:50'),
(163, 'Viola Herzog', '3368 Brant Forges\nLake Ole, FL 81504-1442', '492.302.0701', 'engineering', '2017-10-07 16:18:50', '2017-10-07 16:18:50'),
(164, 'Mireille Jones', '59950 Noah Union Apt. 721\nEast Jamarborough, MA 90789-9716', '(785) 387-3276 x0906', 'math', '2017-10-07 16:18:50', '2017-10-07 16:18:50'),
(165, 'Rory Streich', '8750 Kaden Plaza Apt. 552\nNorth Brockberg, TX 75216', '(537) 724-0641 x26629', 'math', '2017-10-07 16:18:50', '2017-10-07 16:18:50'),
(166, 'Elliot Kautzer', '43544 Stark Spur\nGregoryport, WI 14328-8225', '409-570-8904 x214', 'engineering', '2017-10-07 16:18:50', '2017-10-07 16:18:50'),
(167, 'Payton Kessler', '235 Boyle Run\nHesselport, MS 20375-9213', '(879) 314-9605 x01307', 'engineering', '2017-10-07 16:18:50', '2017-10-07 16:18:50'),
(168, 'Kristina Mitchell Jr.', '288 Terrance Meadow\nPredovictown, MI 88887', '943.989.8007', 'math', '2017-10-07 16:18:50', '2017-10-07 16:18:50'),
(169, 'Kane Dach', '80998 Grimes Lights\nBergnaumborough, MA 31607', '268.662.3734 x5269', 'engineering', '2017-10-07 16:18:50', '2017-10-07 16:18:50'),
(170, 'Berry Krajcik', '610 Reynold Ville\nHoweburgh, NJ 34984', '1-872-372-1281', 'engineering', '2017-10-07 16:18:50', '2017-10-07 16:18:50'),
(171, 'Albin Rogahn', '120 Alanis Loaf\nNikolaushaven, MS 46675-0691', '+1-589-493-3069', 'engineering', '2017-10-07 16:18:50', '2017-10-07 16:18:50'),
(172, 'Saige Ryan II', '44621 Rohan Street\nPort Amie, AK 59475', '1-430-941-3057 x66082', 'physics', '2017-10-07 16:18:50', '2017-10-07 16:18:50'),
(173, 'Prof. Genoveva Eichmann', '22477 Leffler Mountain\nBergstromhaven, SD 16286-2163', '448.466.3724 x6128', 'math', '2017-10-07 16:18:50', '2017-10-07 16:18:50'),
(174, 'Mathew Shields', '4719 Stiedemann Meadows Suite 739\nEast Deontaeshire, CO 69623', '(905) 754-3655 x05585', 'math', '2017-10-07 16:18:50', '2017-10-07 16:18:50'),
(175, 'Prof. Reuben Pagac', '902 Lebsack Ports\nPort Jody, OH 72969-8694', '743-383-3569 x0869', 'math', '2017-10-07 16:18:50', '2017-10-07 16:18:50'),
(176, 'Dereck Doyle', '41726 Collier Forges Suite 007\nRunolfssonfort, IA 27599', '+1 (492) 751-7571', 'math', '2017-10-07 16:18:50', '2017-10-07 16:18:50'),
(177, 'Mrs. Adella Kreiger Jr.', '7528 Marjory Curve Apt. 219\nEmiemouth, IA 05881', '732-699-9893', 'math', '2017-10-07 16:18:50', '2017-10-07 16:18:50'),
(178, 'Nadia Borer IV', '49975 Bradford Plains\nKimberlyport, UT 26986', '650-871-6011', 'engineering', '2017-10-07 16:18:50', '2017-10-07 16:18:50'),
(179, 'Arielle Doyle', '242 Jadyn Stravenue\nNew Abelardoport, NE 53933', '+1.981.608.6149', 'physics', '2017-10-07 16:18:50', '2017-10-07 16:18:50'),
(180, 'Shaun Thompson', '1975 DuBuque Shores\nEast Armandomouth, MA 19691-0224', '270.912.5334 x34458', 'physics', '2017-10-07 16:18:50', '2017-10-07 16:18:50'),
(181, 'Seth Hauck', '52870 Schaefer Rue\nPort Brooklynbury, AK 25624-8794', '849-896-9092', 'math', '2017-10-07 16:18:50', '2017-10-07 16:18:50'),
(182, 'Annabell Kuhlman', '4684 Brando Causeway Apt. 719\nPort Cedrick, PA 27167', '(450) 302-9100 x4283', 'physics', '2017-10-07 16:18:50', '2017-10-07 16:18:50'),
(183, 'Ms. Asha Satterfield', '473 Morar Mill\nMaggiochester, LA 40495', '(683) 996-9065 x0964', 'math', '2017-10-07 16:18:50', '2017-10-07 16:18:50'),
(184, 'Miss Darby Treutel', '380 Metz Field\nNorth Talon, IA 30995-9961', '880.807.2590', 'math', '2017-10-07 16:18:50', '2017-10-07 16:18:50'),
(185, 'Eugenia Rutherford', '546 Schuppe Fort\nEast Juana, CO 21561', '1-818-504-2304 x5061', 'physics', '2017-10-07 16:18:50', '2017-10-07 16:18:50'),
(186, 'Dr. Reyes Stark Jr.', '41292 Karen Lakes Suite 689\nNew Ezequiel, IA 18173', '(878) 805-8107', 'engineering', '2017-10-07 16:18:50', '2017-10-07 16:18:50'),
(187, 'Jeanette Rohan', '326 Adams Shore\nMoenmouth, NC 57276', '(358) 874-8161 x08881', 'physics', '2017-10-07 16:18:50', '2017-10-07 16:18:50'),
(188, 'Jany Walter', '248 Doyle River Suite 900\nPort Madisenchester, IL 81497-2366', '(448) 519-4975 x53627', 'engineering', '2017-10-07 16:18:50', '2017-10-07 16:18:50'),
(189, 'Norene Welch', '2821 Effertz Manors\nLakinville, MD 94314-0530', '868-544-7286', 'physics', '2017-10-07 16:18:50', '2017-10-07 16:18:50'),
(190, 'Van Boyle V', '452 Adelbert Rest\nMyrtisburgh, AZ 10903-1714', '291.991.2403 x4072', 'math', '2017-10-07 16:18:50', '2017-10-07 16:18:50'),
(191, 'Betty Quigley', '857 Sylvia Meadow Apt. 921\nEast Madysonmouth, IA 37826-7785', '+1-670-843-7078', 'engineering', '2017-10-07 16:18:50', '2017-10-07 16:18:50'),
(192, 'Glen Trantow', '943 Kelsie Island\nFranciscoview, WA 27921', '+1 (839) 574-2133', 'math', '2017-10-07 16:18:50', '2017-10-07 16:18:50'),
(193, 'Rosina Wilderman', '5132 Walker Motorway Suite 517\nLindsayshire, KS 44453', '+1-308-310-4844', 'engineering', '2017-10-07 16:18:50', '2017-10-07 16:18:50'),
(194, 'Bert Jacobson', '974 Hane Ramp\nLake Benjaminfurt, GA 73767', '(578) 719-8413', 'engineering', '2017-10-07 16:18:50', '2017-10-07 16:18:50'),
(195, 'Ms. Francisca Kreiger', '1825 Franz Tunnel\nNew Vincent, NM 29190-0782', '325-241-0466 x79003', 'physics', '2017-10-07 16:18:50', '2017-10-07 16:18:50'),
(196, 'Domenica DuBuque', '4985 Rogahn Trafficway Suite 620\nMariamberg, AK 85404-0919', '902.549.2342 x929', 'math', '2017-10-07 16:18:50', '2017-10-07 16:18:50'),
(197, 'Emely Keebler', '8414 Leannon Square Suite 191\nWest Amyborough, CT 64517-5458', '+1 (782) 443-1935', 'engineering', '2017-10-07 16:18:50', '2017-10-07 16:18:50'),
(198, 'Dr. Lennie Nitzsche', '938 Effertz Gateway\nLake Rogershaven, DE 32393', '1-456-267-2582 x81179', 'physics', '2017-10-07 16:18:50', '2017-10-07 16:18:50'),
(199, 'Darlene Stark', '81153 Mraz Islands Suite 303\nWest Paris, MD 39513', '+1.785.769.9438', 'math', '2017-10-07 16:18:50', '2017-10-07 16:18:50'),
(200, 'Mr. Tre Orn', '590 Wanda Crossing\nFramimouth, NY 74961', '(742) 427-7149 x09139', 'math', '2017-10-07 16:18:50', '2017-10-07 16:18:50'),
(201, 'Clara Ullrich', '44048 Keaton Pine Apt. 737\nKochton, KY 07034', '239.706.5497', 'engineering', '2017-10-07 16:18:50', '2017-10-07 16:18:50'),
(202, 'Mr. Kelton Hoeger', '13528 Sophie Center\nSethchester, WV 96252-4860', '1-763-239-5047', 'physics', '2017-10-07 16:18:50', '2017-10-07 16:18:50'),
(203, 'Omer Medhurst', '722 Beatty Plaza Apt. 881\nEmardburgh, SD 22911-1559', '1-704-333-2400 x881', 'physics', '2017-10-07 16:18:50', '2017-10-07 16:18:50'),
(204, 'Pansy Rohan', '45748 Oberbrunner Locks\nPort Shaunmouth, FL 86431-3873', '(776) 769-0618', 'math', '2017-10-07 16:18:50', '2017-10-07 16:18:50'),
(205, 'Ms. Eldora Rogahn', '2713 Rafaela Lights\nNorth Johnnyberg, RI 09834', '1-509-937-3341', 'engineering', '2017-10-07 16:18:50', '2017-10-07 16:18:50'),
(206, 'Audie Walker', '48133 Reid Walk\nLake Oma, ND 40963', '(673) 505-3928 x06711', 'math', '2017-10-07 16:18:50', '2017-10-07 16:18:50'),
(207, 'Camille Armstrong', '352 Kaelyn Fork\nEast Kole, NM 48917', '572-424-5281', 'engineering', '2017-10-07 16:18:50', '2017-10-07 16:18:50'),
(208, 'Mr. Eladio Kautzer', '65441 Adolph Extension Apt. 076\nEast Ellsworthfort, CO 29695', '974.940.2412 x908', 'physics', '2017-10-07 16:18:50', '2017-10-07 16:18:50'),
(209, 'Else Kovacek I', '58192 Stracke Ville\nLawsonton, AK 54296-0144', '1-836-754-1533 x570', 'engineering', '2017-10-07 16:18:50', '2017-10-07 16:18:50'),
(210, 'Lacy Keeling', '20045 Rosanna Center\nNew Austin, MN 22315-3940', '+1-698-635-7011', 'physics', '2017-10-07 16:18:50', '2017-10-07 16:18:50'),
(211, 'Abraham Ebert', '121 Ullrich Shoals Apt. 870\nHaagshire, TX 09230-6370', '273-693-2038', 'math', '2017-10-07 16:18:50', '2017-10-07 16:18:50'),
(212, 'Dr. Cornell DuBuque', '164 Willms Pine\nKelleyborough, FL 22857', '1-592-240-8897 x17241', 'math', '2017-10-07 16:18:50', '2017-10-07 16:18:50'),
(213, 'Mauricio Johnson III', '39367 Sterling Islands\nVeumport, AR 03478-5108', '906-914-7585 x0126', 'physics', '2017-10-07 16:18:50', '2017-10-07 16:18:50'),
(214, 'John Jenkins', '632 Waters Ridge\nNew Uriahbury, RI 89266-2613', '594.323.6463 x29922', 'engineering', '2017-10-07 16:18:50', '2017-10-07 16:18:50'),
(215, 'Julio Pfeffer', '880 Lina Roads Apt. 946\nNew Beatricetown, OR 57686-4471', '304.761.0984', 'physics', '2017-10-07 16:18:50', '2017-10-07 16:18:50'),
(216, 'Mr. Emanuel Blanda', '18555 Lehner Run Suite 543\nMetzburgh, UT 68920', '(903) 450-7289 x925', 'engineering', '2017-10-07 16:18:50', '2017-10-07 16:18:50'),
(217, 'Torey Abshire', '914 Trace Neck\nSouth Candidoton, CT 47609-5782', '+1-767-249-6383', 'physics', '2017-10-07 16:18:50', '2017-10-07 16:18:50'),
(218, 'Vada Conn', '8216 John Burgs Apt. 893\nWilkinsonmouth, OK 69571-9430', '+15733404623', 'engineering', '2017-10-07 16:18:50', '2017-10-07 16:18:50'),
(219, 'Lolita Grimes', '66845 Douglas Common Apt. 545\nThorahaven, AZ 70622', '+1 (808) 957-9379', 'math', '2017-10-07 16:18:50', '2017-10-07 16:18:50'),
(220, 'Shad Jaskolski', '972 Green Isle Apt. 589\nJacklynshire, NC 66329-1251', '748.262.6087', 'math', '2017-10-07 16:18:50', '2017-10-07 16:18:50'),
(221, 'Rogers Ortiz DVM', '9735 Daniela Cliff\nArnoberg, SC 03295-4800', '350-487-5336 x7874', 'physics', '2017-10-07 16:18:50', '2017-10-07 16:18:50'),
(222, 'Mallie Nicolas', '83948 Dorris Courts Suite 853\nWest Kip, KS 96967-6451', '1-874-438-7763', 'engineering', '2017-10-07 16:18:50', '2017-10-07 16:18:50'),
(223, 'Frida Tromp', '4788 Margarita Walk\nSouth Ivah, CT 27546-9842', '913.386.8838', 'physics', '2017-10-07 16:18:50', '2017-10-07 16:18:50'),
(224, 'Dock Medhurst', '207 Mason Causeway Suite 301\nClementineville, NY 21478', '+1 (483) 473-3034', 'physics', '2017-10-07 16:18:50', '2017-10-07 16:18:50'),
(225, 'Connie Franecki', '420 Jarrod Fields Apt. 259\nEttiefort, DC 03070-2123', '(787) 953-2325', 'engineering', '2017-10-07 16:18:50', '2017-10-07 16:18:50'),
(226, 'Dr. Mossie Bailey', '862 Bernhard Garden\nNew Dejuan, KS 48983-8949', '385.777.9370', 'engineering', '2017-10-07 16:18:50', '2017-10-07 16:18:50'),
(227, 'John Nolan', '5368 Dean Islands Apt. 316\nWest Toney, AK 77117', '735-655-7762', 'engineering', '2017-10-07 16:18:50', '2017-10-07 16:18:50'),
(228, 'Antone Turcotte', '53566 Gerardo Village Suite 653\nWest Olastad, KS 47068', '956.217.6620', 'engineering', '2017-10-07 16:18:50', '2017-10-07 16:18:50'),
(229, 'Keeley Goyette DDS', '9043 Clarissa View Apt. 856\nVellaport, MN 75422-7629', '(446) 415-6162 x4440', 'physics', '2017-10-07 16:18:50', '2017-10-07 16:18:50'),
(230, 'Ms. Elisha Schaefer', '5219 Hahn Fort\nManleyview, RI 26312-8324', '1-345-270-2393', 'physics', '2017-10-07 16:18:50', '2017-10-07 16:18:50'),
(231, 'Austen Tromp', '2107 Graham Manor Apt. 706\nPort Monroeview, NC 14800-1817', '772.799.6225', 'math', '2017-10-07 16:18:50', '2017-10-07 16:18:50'),
(232, 'Kathryne Parker IV', '7359 Amir Skyway\nCarterside, VA 50169', '(474) 373-1812', 'math', '2017-10-07 16:18:50', '2017-10-07 16:18:50'),
(233, 'Amy Goodwin', '8395 Ariane Lake\nBoyleside, PA 93256-7741', '(613) 232-7443', 'physics', '2017-10-07 16:18:50', '2017-10-07 16:18:50'),
(234, 'Mr. Jamal Spencer V', '909 Bogan Roads Suite 460\nNew Larryport, HI 08899-7314', '907.597.9235', 'math', '2017-10-07 16:18:50', '2017-10-07 16:18:50'),
(235, 'Brady Aufderhar', '28887 Nitzsche Club Apt. 898\nNew Missourimouth, NV 71608', '363-719-5863', 'physics', '2017-10-07 16:18:50', '2017-10-07 16:18:50'),
(236, 'Newell Hilll', '633 Schimmel Parks Suite 069\nPort Selmer, CT 51575-9956', '217-940-0870 x37118', 'engineering', '2017-10-07 16:18:50', '2017-10-07 16:18:50'),
(237, 'Jessie Boehm', '23899 Hector Common Apt. 446\nMantestad, NY 46632', '461-300-1680', 'engineering', '2017-10-07 16:18:50', '2017-10-07 16:18:50'),
(238, 'Crystal Romaguera', '92102 Breitenberg Stream Apt. 421\nTorphyberg, CO 38064-1890', '1-545-470-7798 x166', 'physics', '2017-10-07 16:18:50', '2017-10-07 16:18:50'),
(239, 'Prof. Kacey Cummings', '56123 Xander Junction\nNorth Rosie, MT 84439-7007', '430.641.8554', 'physics', '2017-10-07 16:18:50', '2017-10-07 16:18:50'),
(240, 'Mrs. Arlie Brekke V', '2884 Idell Plaza Apt. 158\nEast Horace, PA 94749', '927.332.0549', 'math', '2017-10-07 16:18:50', '2017-10-07 16:18:50'),
(241, 'Abbey Schmeler', '11018 Witting Trace Apt. 372\nSouth Furman, ME 46244', '(405) 768-5381', 'physics', '2017-10-07 16:18:50', '2017-10-07 16:18:50'),
(242, 'Domenic Renner', '6141 Eugenia Ports\nKonopelskibury, CT 93703', '796.768.0509 x9939', 'physics', '2017-10-07 16:18:50', '2017-10-07 16:18:50'),
(243, 'Dr. Laury Mayert', '74479 Farrell Fort\nPort Baileyfort, NH 13340-1552', '887.543.8812 x932', 'engineering', '2017-10-07 16:18:50', '2017-10-07 16:18:50'),
(244, 'Kamille Adams', '2781 Kattie Cove\nBradtkeview, FL 98486-9815', '696-422-5708 x0725', 'physics', '2017-10-07 16:18:50', '2017-10-07 16:18:50'),
(245, 'Vinnie Hilpert', '5301 Waters Gateway Apt. 557\nNorth Rozellaberg, MS 94253-5421', '1-231-766-0800', 'engineering', '2017-10-07 16:18:50', '2017-10-07 16:18:50'),
(246, 'Bridgette Durgan', '291 Anthony Trail\nHintzport, ME 68327-6825', '786-360-5143', 'engineering', '2017-10-07 16:18:50', '2017-10-07 16:18:50'),
(247, 'Bernardo Herzog', '530 Muller Rapid\nSouth Linnieland, AR 44498', '1-815-785-6310', 'physics', '2017-10-07 16:18:50', '2017-10-07 16:18:50'),
(248, 'Fanny Grady', '817 Adolfo Glens Apt. 695\nLake Hyman, NM 89033-0031', '759.656.9138', 'math', '2017-10-07 16:18:50', '2017-10-07 16:18:50'),
(249, 'Madisyn Erdman', '77760 Marquis Hill\nDaughertyshire, SD 62013', '272-652-3604 x040', 'physics', '2017-10-07 16:18:50', '2017-10-07 16:18:50'),
(250, 'Elinor Gorczany PhD', '24989 Swaniawski Inlet\nWest Jerry, CT 78924-1803', '1-452-352-5228', 'physics', '2017-10-07 16:18:50', '2017-10-07 16:18:50'),
(251, 'Jarrell Littel', '925 Hoeger Ranch\nAlvisberg, FL 93682', '1-491-556-7180 x308', 'engineering', '2017-10-07 16:18:50', '2017-10-07 16:18:50'),
(252, 'Marguerite Cremin', '908 Nathanial Knoll\nNew Natalia, NH 84376-3209', '806-448-5603 x5820', 'engineering', '2017-10-07 16:18:50', '2017-10-07 16:18:50'),
(253, 'Audie Crist', '8690 Cremin Meadows Suite 827\nConroychester, UT 15328', '969-328-5082 x0482', 'physics', '2017-10-07 16:18:50', '2017-10-07 16:18:50'),
(254, 'Prof. Raymundo Gusikowski', '111 Kovacek Spurs Apt. 040\nClarkhaven, UT 38468-2255', '(456) 476-6019 x709', 'engineering', '2017-10-07 16:18:50', '2017-10-07 16:18:50'),
(255, 'Yolanda Reichert', '10451 Samantha Rapid\nWindlershire, OR 75964-3560', '1-962-417-1599 x5488', 'physics', '2017-10-07 16:18:50', '2017-10-07 16:18:50'),
(256, 'Jasper Block', '78224 Von Estates\nNorth Shanon, MS 31451', '(772) 438-1610 x1802', 'physics', '2017-10-07 16:18:50', '2017-10-07 16:18:50'),
(257, 'Destany Kunde II', '3942 Kertzmann Turnpike Apt. 330\nChristiansenhaven, KY 57963-6255', '1-498-784-3252', 'physics', '2017-10-07 16:18:50', '2017-10-07 16:18:50'),
(258, 'Amos Terry PhD', '941 Kay Alley Suite 460\nWest Harmon, AK 79403', '1-932-986-3402', 'physics', '2017-10-07 16:18:50', '2017-10-07 16:18:50'),
(259, 'Conor Zieme', '51030 Hudson Green\nWunschmouth, WV 52635-5581', '329.822.7623 x77473', 'engineering', '2017-10-07 16:18:50', '2017-10-07 16:18:50'),
(260, 'Mrs. Alana Hermiston Jr.', '61869 Okuneva Camp Suite 501\nPurdyborough, FL 88787', '(380) 712-7001 x69929', 'math', '2017-10-07 16:18:50', '2017-10-07 16:18:50'),
(261, 'Ms. Roma Barrows', '2749 Weimann Stravenue\nWest Viola, IA 72146', '603-509-9084 x7601', 'physics', '2017-10-07 16:18:50', '2017-10-07 16:18:50'),
(262, 'Mrs. Litzy Schuster Jr.', '94299 Rachel Isle\nEast Daniella, MT 42837-5761', '1-348-671-2953', 'physics', '2017-10-07 16:18:50', '2017-10-07 16:18:50'),
(263, 'Cassie Schuppe', '439 Leffler Locks\nJohnsview, MD 30779-9083', '+1 (741) 509-3447', 'math', '2017-10-07 16:18:50', '2017-10-07 16:18:50'),
(264, 'Elza Witting', '609 Jacky Inlet\nLorenzaport, ND 21465', '+1.602.934.1321', 'engineering', '2017-10-07 16:18:50', '2017-10-07 16:18:50'),
(265, 'Kallie Morissette', '2293 Johnston Shoal\nBoehmton, KY 70889', '579.265.6478 x21313', 'engineering', '2017-10-07 16:18:50', '2017-10-07 16:18:50'),
(266, 'Miss Arlie Ratke MD', '85412 Klein Course\nLindgrenview, MA 02177-0808', '487.216.4891', 'math', '2017-10-07 16:18:50', '2017-10-07 16:18:50'),
(267, 'Bud Dibbert', '523 Wolf Keys Suite 366\nNorth Finn, OH 16747-2803', '1-491-942-7192 x4837', 'engineering', '2017-10-07 16:18:50', '2017-10-07 16:18:50'),
(268, 'Maxime Rippin', '50394 Schmidt Estates Apt. 165\nLake Kennedy, NH 73320', '308.265.4596 x4365', 'engineering', '2017-10-07 16:18:50', '2017-10-07 16:18:50'),
(269, 'Justus Dooley', '19267 Mozelle Summit\nLake Lavonneburgh, MD 31722-7593', '325-235-2864 x5768', 'physics', '2017-10-07 16:18:50', '2017-10-07 16:18:50'),
(270, 'Albina Bergnaum', '7266 Kreiger Circle\nPort Daishaside, UT 02404', '(454) 568-8202 x676', 'math', '2017-10-07 16:18:50', '2017-10-07 16:18:50'),
(271, 'Dr. Steve Conroy Jr.', '3470 Reinger Ville\nWest Adolfo, AR 65714', '629.526.3969', 'math', '2017-10-07 16:18:50', '2017-10-07 16:18:50'),
(272, 'Lamont Hauck', '89048 Adell Ways Suite 510\nLake Wandaside, LA 02048', '956-551-8681 x88790', 'math', '2017-10-07 16:18:50', '2017-10-07 16:18:50'),
(273, 'Beryl Parker', '549 Howell Station\nGermainestad, FL 23341-1489', '(812) 722-3117 x252', 'physics', '2017-10-07 16:18:50', '2017-10-07 16:18:50'),
(274, 'Dr. Roxanne Miller Jr.', '190 Rodriguez Junction Apt. 837\nLake Allenberg, NY 39090', '1-778-598-8892 x58507', 'physics', '2017-10-07 16:18:50', '2017-10-07 16:18:50'),
(275, 'Jimmie Carroll', '151 Madelynn Rapid\nBilliefurt, MS 29208-6488', '326.305.5959 x450', 'physics', '2017-10-07 16:18:50', '2017-10-07 16:18:50'),
(276, 'Ms. Astrid Senger III', '956 Cremin Stravenue\nChesleyberg, CT 00468', '+12619358911', 'engineering', '2017-10-07 16:18:50', '2017-10-07 16:18:50'),
(277, 'Lambert Barrows MD', '3634 Bednar Falls Suite 578\nWest Chaya, FL 45655-2575', '(418) 696-6955', 'physics', '2017-10-07 16:18:50', '2017-10-07 16:18:50'),
(278, 'Dr. Porter Marks', '9513 Vicente Meadow Apt. 037\nWest Joelfort, MI 21107-9883', '642.674.3845', 'engineering', '2017-10-07 16:18:50', '2017-10-07 16:18:50'),
(279, 'Cierra Wolf', '7573 Juvenal Mall Suite 832\nVidalside, MA 69617-2112', '1-319-842-4910', 'math', '2017-10-07 16:18:50', '2017-10-07 16:18:50'),
(280, 'Bria Keeling', '193 Yundt Mission\nHanechester, CA 98413', '698.283.0431', 'engineering', '2017-10-07 16:18:50', '2017-10-07 16:18:50'),
(281, 'Emmitt Labadie', '99069 Alexa Forges\nNorth Maryse, AR 44619-9827', '(680) 408-4881', 'math', '2017-10-07 16:18:50', '2017-10-07 16:18:50'),
(282, 'Arlene Hane', '97592 Schaefer Ville Suite 494\nWest Luellamouth, WV 93364-8397', '1-648-550-5255 x0671', 'physics', '2017-10-07 16:18:50', '2017-10-07 16:18:50'),
(283, 'Dr. Brant Koch', '8132 Gerhold Well\nGiovannifort, MA 24410-4404', '1-880-275-4006 x66659', 'engineering', '2017-10-07 16:18:50', '2017-10-07 16:18:50'),
(284, 'Ms. Amber Ernser III', '557 Thad Overpass\nEast Lavernastad, ME 40686', '1-585-957-2635 x67513', 'engineering', '2017-10-07 16:18:50', '2017-10-07 16:18:50'),
(285, 'Cayla Boyer', '415 Upton Ranch Apt. 606\nSouth Ebony, RI 83106', '(705) 741-0979', 'physics', '2017-10-07 16:18:50', '2017-10-07 16:18:50'),
(286, 'Ericka Thompson DDS', '16965 Lexie Bypass Apt. 592\nMosciskimouth, LA 95012', '417-632-6673 x3983', 'engineering', '2017-10-07 16:18:50', '2017-10-07 16:18:50'),
(287, 'Ettie Wilkinson', '5663 Nolan Centers\nAlexaneview, NJ 14966-4981', '+16534173668', 'math', '2017-10-07 16:18:50', '2017-10-07 16:18:50'),
(288, 'Naomie Wuckert', '4573 Conor Lakes Suite 757\nLake Joeyberg, PA 03226', '825-323-6936', 'physics', '2017-10-07 16:18:50', '2017-10-07 16:18:50'),
(289, 'Emilio Cormier', '133 Kevon Gateway Apt. 380\nMantehaven, LA 48429', '1-960-844-1173 x07704', 'physics', '2017-10-07 16:18:50', '2017-10-07 16:18:50'),
(290, 'Jeffery Harber', '3860 Cecile Valley\nMilfordmouth, MT 68246', '518.224.5419 x54152', 'engineering', '2017-10-07 16:18:50', '2017-10-07 16:18:50'),
(291, 'Jayne Simonis', '7071 Gustave Light Suite 225\nLake Adele, ND 06100-3315', '1-317-514-1823 x883', 'engineering', '2017-10-07 16:18:50', '2017-10-07 16:18:50'),
(292, 'Tod Ryan', '9571 Georgette Union\nWest Hilda, AR 53898-8322', '201-222-4852 x5172', 'physics', '2017-10-07 16:18:50', '2017-10-07 16:18:50'),
(293, 'Kamille Parisian', '84419 Savion Rest Suite 174\nWest Aracelitown, ID 14325', '+1.376.456.9796', 'physics', '2017-10-07 16:18:50', '2017-10-07 16:18:50'),
(294, 'King Abernathy', '4555 Smitham Ramp Suite 845\nNew Alexandrea, ME 16215-5277', '(916) 761-0944', 'physics', '2017-10-07 16:18:50', '2017-10-07 16:18:50'),
(295, 'Miss Clotilde Jakubowski I', '6909 Hudson Stravenue Apt. 061\nHickleberg, SC 56896', '589.506.8528', 'physics', '2017-10-07 16:18:50', '2017-10-07 16:18:50'),
(296, 'Rafael O\'Keefe', '7706 Moen Loaf Suite 662\nLake Schuylerfurt, CT 62539', '249.312.4568 x5165', 'engineering', '2017-10-07 16:18:50', '2017-10-07 16:18:50'),
(297, 'Prof. Cornelius Moen', '58967 Oswald Village Suite 869\nNorth Jeromy, NC 15390-1666', '747-652-2288 x7295', 'engineering', '2017-10-07 16:18:50', '2017-10-07 16:18:50'),
(298, 'Ivory Wiza', '2975 Gutkowski Port\nWest Violetburgh, MT 47197-3088', '705.327.8469 x71001', 'engineering', '2017-10-07 16:18:50', '2017-10-07 16:18:50'),
(299, 'Velva Russel V', '89393 Waters Streets\nFeestborough, NM 94817-7415', '(389) 305-3546 x741', 'physics', '2017-10-07 16:18:50', '2017-10-07 16:18:50'),
(300, 'Garfield Bosco IV', '458 Torrance Spring\nNorth Leanne, IN 10257', '214.916.4349 x447', 'physics', '2017-10-07 16:18:50', '2017-10-07 16:18:50'),
(301, 'Camryn Waelchi', '8806 Favian Fields\nNew Pascaleton, FL 21868', '765-619-6703', 'math', '2017-10-07 16:18:50', '2017-10-07 16:18:50'),
(302, 'Ms. Lily Blanda Jr.', '8785 Theodora Lock Apt. 882\nCorrinefort, MN 62876-0814', '563.598.8363 x67430', 'math', '2017-10-07 16:18:50', '2017-10-07 16:18:50'),
(303, 'Jeremy Fahey', '8446 Nicola Locks Suite 144\nTillmanmouth, UT 41494-5472', '(883) 957-7830', 'physics', '2017-10-07 16:18:50', '2017-10-07 16:18:50'),
(304, 'Lesly Aufderhar III', '954 Oliver Bypass Apt. 968\nFritschville, LA 18028-4713', '282.304.9372', 'math', '2017-10-07 16:18:50', '2017-10-07 16:18:50'),
(305, 'Virginia Barton', '6770 Sibyl Courts\nThielfurt, AR 20896', '403.251.2921 x2986', 'engineering', '2017-10-07 16:18:50', '2017-10-07 16:18:50'),
(306, 'Edwina Christiansen', '9002 Nicolas Mount\nSouth Camrynmouth, MA 63122-1130', '+1 (602) 236-7754', 'math', '2017-10-07 16:18:50', '2017-10-07 16:18:50'),
(307, 'Dr. Amira Harber', '175 Hintz Center Suite 538\nNorth Aronfurt, DC 04620', '241.255.9699 x4324', 'engineering', '2017-10-07 16:18:50', '2017-10-07 16:18:50'),
(308, 'Sarina Schuster', '186 Rosina Station Apt. 940\nShawnside, ND 58059-5387', '+13038718383', 'math', '2017-10-07 16:18:50', '2017-10-07 16:18:50'),
(309, 'Prof. Chauncey Sipes', '20831 Haley Neck Suite 533\nSouth Shanellestad, MA 88345-9962', '(684) 566-6482', 'engineering', '2017-10-07 16:18:50', '2017-10-07 16:18:50'),
(310, 'Aurore Lynch I', '64002 Murl Mountain Apt. 960\nEast Shania, PA 63327-4647', '+1-786-836-4476', 'engineering', '2017-10-07 16:18:50', '2017-10-07 16:18:50'),
(311, 'Leanna Bernhard', '42690 Elian Trace Apt. 291\nPort Bettemouth, TX 91917', '1-980-208-1176 x07138', 'engineering', '2017-10-07 16:18:50', '2017-10-07 16:18:50'),
(312, 'Kenny O\'Reilly', '84871 Katelynn Terrace\nPort Nolan, GA 80991-9455', '441.832.3151', 'engineering', '2017-10-07 16:18:50', '2017-10-07 16:18:50'),
(313, 'Lisette Witting Jr.', '48231 Hilpert Glens Suite 494\nLake Noeliaberg, AR 04691-9260', '(978) 392-6633', 'physics', '2017-10-07 16:18:50', '2017-10-07 16:18:50'),
(314, 'Prof. Sheldon McCullough MD', '6828 Bailey Extensions Apt. 849\nShanelleburgh, HI 65388', '385.918.4676 x454', 'physics', '2017-10-07 16:18:50', '2017-10-07 16:18:50'),
(315, 'Prof. Hanna Nader', '30179 Hilll Islands Apt. 478\nBernierview, CA 89947-1667', '460.822.8798 x6877', 'physics', '2017-10-07 16:18:50', '2017-10-07 16:18:50'),
(316, 'Sibyl Leannon', '3910 Ward Track Apt. 156\nEast Jedmouth, MN 04658-5482', '(213) 867-4717 x5459', 'engineering', '2017-10-07 16:18:50', '2017-10-07 16:18:50'),
(317, 'Mr. Sid Bednar MD', '451 Anastasia Cliff Apt. 225\nDelphamouth, FL 03265', '+1-909-480-9362', 'math', '2017-10-07 16:18:50', '2017-10-07 16:18:50'),
(318, 'Dr. Aurelie Renner', '5887 Antonietta Isle\nHammesstad, DE 02868', '+19769578930', 'physics', '2017-10-07 16:18:50', '2017-10-07 16:18:50'),
(319, 'Prof. Daphne Windler', '4951 Mohr Ports Apt. 230\nLake Rafaela, NJ 26937', '+1 (483) 668-2029', 'physics', '2017-10-07 16:18:50', '2017-10-07 16:18:50'),
(320, 'Delaney Lubowitz Sr.', '27265 Jonatan Walk Suite 314\nJenkinsview, PA 59647-6364', '651.551.5098 x166', 'physics', '2017-10-07 16:18:50', '2017-10-07 16:18:50'),
(321, 'Lester Lehner', '113 Maude Ramp\nSchmidtmouth, PA 21175-7967', '906.405.0760 x51409', 'physics', '2017-10-07 16:18:50', '2017-10-07 16:18:50');
INSERT INTO `students` (`id`, `name`, `address`, `phone`, `career`, `created_at`, `updated_at`) VALUES
(322, 'Harmon Gulgowski', '3758 Randal Port Apt. 046\nSouth Kenyaland, MN 17205', '+1-397-437-3809', 'math', '2017-10-07 16:18:50', '2017-10-07 16:18:50'),
(323, 'Florida Ratke', '90474 Francisca Plains Apt. 792\nWest Sunnytown, UT 17721-4823', '+1.470.950.0161', 'math', '2017-10-07 16:18:50', '2017-10-07 16:18:50'),
(324, 'Mr. Alexandre Funk', '21225 Turcotte Row\nTessshire, ND 08306', '1-706-337-9998', 'engineering', '2017-10-07 16:18:50', '2017-10-07 16:18:50'),
(325, 'Imani Harvey MD', '5606 Senger Common\nNorth Alessandroville, AR 51688-7672', '+16595032880', 'engineering', '2017-10-07 16:18:50', '2017-10-07 16:18:50'),
(326, 'Adan Bergstrom', '41428 Klein Grove\nNorth Urbanbury, GA 99505', '1-494-617-6112 x7095', 'physics', '2017-10-07 16:18:50', '2017-10-07 16:18:50'),
(327, 'Frederic Cassin', '459 Hardy Ports Suite 383\nElnoraside, NJ 61616', '778.860.3241 x381', 'math', '2017-10-07 16:18:50', '2017-10-07 16:18:50'),
(328, 'Cooper Hintz', '453 Pascale Tunnel\nRitaside, NE 63057', '+1.305.333.2711', 'physics', '2017-10-07 16:18:50', '2017-10-07 16:18:50'),
(329, 'Brandy Dach Jr.', '4110 Thiel Ridge\nPort Celia, CT 48911-1608', '779-897-5937', 'math', '2017-10-07 16:18:50', '2017-10-07 16:18:50'),
(330, 'Marty Tremblay', '12996 Pollich Loaf Suite 031\nWest Weldon, DC 48847', '723.485.0119 x4957', 'physics', '2017-10-07 16:18:50', '2017-10-07 16:18:50'),
(331, 'Prof. Austin Breitenberg DVM', '25833 Dicki Mountain\nCadenport, RI 21834-9633', '1-520-961-3585 x591', 'engineering', '2017-10-07 16:18:50', '2017-10-07 16:18:50'),
(332, 'Mr. Johathan Towne', '696 Jerde Pines Apt. 682\nSouth Dorothea, UT 18248', '419.627.8667 x193', 'physics', '2017-10-07 16:18:50', '2017-10-07 16:18:50'),
(333, 'Miss Melody Keebler', '3950 Maureen Fords Suite 445\nCarlishire, MT 37707-2248', '+1-543-854-7491', 'physics', '2017-10-07 16:18:50', '2017-10-07 16:18:50'),
(334, 'Daphney Dickinson', '3428 Charity Route\nAltenwerthmouth, MN 42816-5411', '+1-952-903-2382', 'physics', '2017-10-07 16:18:50', '2017-10-07 16:18:50'),
(335, 'Dr. Noemi Swift', '2347 Joaquin Valley\nGulgowskichester, WY 33259-1140', '+1-320-394-9837', 'physics', '2017-10-07 16:18:50', '2017-10-07 16:18:50'),
(336, 'Janis Johns', '8714 Silas Hollow Apt. 015\nEast Reginaldmouth, IL 22723-0690', '303-577-3922 x3866', 'physics', '2017-10-07 16:18:50', '2017-10-07 16:18:50'),
(337, 'Petra Shields PhD', '615 Tania Divide\nLeuschkeborough, IA 15355-1715', '996-936-2418 x96096', 'math', '2017-10-07 16:18:50', '2017-10-07 16:18:50'),
(338, 'Mrs. Zola Leannon MD', '461 Halvorson Mountains\nPort Dax, FL 00816-0336', '1-339-639-2807', 'physics', '2017-10-07 16:18:50', '2017-10-07 16:18:50'),
(339, 'Kendall Sipes', '9392 Remington Knolls\nKerlukeland, KY 25884-5660', '1-407-663-5724 x71532', 'physics', '2017-10-07 16:18:50', '2017-10-07 16:18:50'),
(340, 'Micheal Waters', '1741 Sid Bridge Apt. 794\nSouth Monica, WA 63168-0742', '1-362-693-0315 x1399', 'physics', '2017-10-07 16:18:50', '2017-10-07 16:18:50'),
(341, 'Dorthy Labadie DVM', '46770 Kovacek Falls Apt. 164\nLake Ford, NC 46162-1485', '479-270-3271 x4264', 'math', '2017-10-07 16:18:50', '2017-10-07 16:18:50'),
(342, 'Kennedi Bechtelar', '214 Champlin Cliffs Apt. 320\nNorth Wilberchester, MO 21897-2313', '497.980.6196', 'engineering', '2017-10-07 16:18:50', '2017-10-07 16:18:50'),
(343, 'Hilda Ruecker', '800 Hester Mission\nNorth Emie, NE 10571', '848-739-3058', 'engineering', '2017-10-07 16:18:50', '2017-10-07 16:18:50'),
(344, 'Eula Bode', '45627 Pearlie Camp Apt. 258\nClemensside, MT 65618', '+12963096297', 'math', '2017-10-07 16:18:50', '2017-10-07 16:18:50'),
(345, 'Johnson Koepp', '656 Cole Ville Apt. 228\nWest Terencechester, MS 30781-9598', '848-520-9433 x4017', 'engineering', '2017-10-07 16:18:50', '2017-10-07 16:18:50'),
(346, 'Mr. Kennedi Hoeger IV', '214 Crist Village Apt. 293\nLudwigstad, VT 49751', '1-730-608-9613 x2721', 'math', '2017-10-07 16:18:50', '2017-10-07 16:18:50'),
(347, 'Caesar Kling', '626 Nels Cove\nPort Seamus, NM 61189', '464.583.0090 x429', 'engineering', '2017-10-07 16:18:50', '2017-10-07 16:18:50'),
(348, 'Prof. Otho Swaniawski PhD', '9789 Daphne Harbor\nSouth Scarlett, MA 20014-4028', '(606) 213-6023', 'physics', '2017-10-07 16:18:50', '2017-10-07 16:18:50'),
(349, 'Dr. Enola Conroy III', '6285 Gabriella Mount Apt. 413\nWest Karliland, FL 93869', '(769) 214-3812 x2420', 'physics', '2017-10-07 16:18:50', '2017-10-07 16:18:50'),
(350, 'Golda Mitchell', '45885 Ankunding Cove\nMohrville, MT 24450', '(317) 810-5038', 'math', '2017-10-07 16:18:50', '2017-10-07 16:18:50'),
(351, 'Lorenza Schowalter', '8499 Lesly Mountains Apt. 576\nLake Arnaldo, WY 71983-1957', '+1-302-910-1476', 'engineering', '2017-10-07 16:18:50', '2017-10-07 16:18:50'),
(352, 'Prof. Kyleigh Altenwerth', '512 Volkman Walks Apt. 823\nMcDermottport, NC 18860-6912', '(998) 905-3979 x163', 'physics', '2017-10-07 16:18:50', '2017-10-07 16:18:50'),
(353, 'Dr. Edyth McDermott I', '880 Leo Fort\nEast Heber, NV 00805-5913', '229.935.8229 x17320', 'physics', '2017-10-07 16:18:50', '2017-10-07 16:18:50'),
(354, 'Prof. Brennan Labadie Sr.', '61256 Bertha Fall Apt. 239\nRogahnview, CT 74755', '604.791.6707', 'engineering', '2017-10-07 16:18:50', '2017-10-07 16:18:50'),
(355, 'Garrison Gaylord DDS', '7057 Stephania Cape Apt. 383\nLake Juddbury, WI 65389', '312-844-4004', 'math', '2017-10-07 16:18:50', '2017-10-07 16:18:50'),
(356, 'Darion Swaniawski', '12627 Swift Crescent Apt. 876\nNew Kayden, IL 78412', '440.202.4605 x590', 'math', '2017-10-07 16:18:50', '2017-10-07 16:18:50'),
(357, 'Hadley Treutel', '88390 Christina Mill Suite 098\nGulgowskiport, NC 77001', '296.827.6757 x32467', 'physics', '2017-10-07 16:18:50', '2017-10-07 16:18:50'),
(358, 'Estrella Hoppe II', '2760 Albert Corner\nWindlertown, OK 20129', '876-714-6645', 'engineering', '2017-10-07 16:18:50', '2017-10-07 16:18:50'),
(359, 'Casimer Harber', '171 Maverick Knolls Suite 915\nEwellmouth, AZ 16065-9092', '732-487-1515', 'math', '2017-10-07 16:18:50', '2017-10-07 16:18:50'),
(360, 'Ms. Mozell Welch', '213 Mueller Isle Apt. 630\nNew Koby, GA 53023-7071', '(661) 765-2670 x2290', 'physics', '2017-10-07 16:18:50', '2017-10-07 16:18:50'),
(361, 'Prof. Rosemary Toy', '6337 D\'Amore Junction\nDanykafort, WY 91283-4055', '861.592.9942', 'engineering', '2017-10-07 16:18:50', '2017-10-07 16:18:50'),
(362, 'Prof. Aleen Schmidt', '6516 Lakin Crossing\nEast Alden, CO 79974-9517', '378-746-9002 x66795', 'engineering', '2017-10-07 16:18:50', '2017-10-07 16:18:50'),
(363, 'Desiree Turner', '22795 Darlene Crest\nReynoldsside, SD 37857', '(983) 940-3174 x070', 'physics', '2017-10-07 16:18:50', '2017-10-07 16:18:50'),
(364, 'Mr. Pablo Hackett', '1582 Schuppe Port\nSouth Jared, CO 48389-5887', '(510) 612-8705 x6350', 'math', '2017-10-07 16:18:50', '2017-10-07 16:18:50'),
(365, 'Josefa Hamill', '394 Casper Land Suite 542\nSouth Elysechester, SC 38175', '585.479.1406', 'physics', '2017-10-07 16:18:50', '2017-10-07 16:18:50'),
(366, 'Constance Muller', '3670 Purdy Lane Suite 587\nHuelton, SC 79039', '554.613.7960', 'physics', '2017-10-07 16:18:50', '2017-10-07 16:18:50'),
(367, 'Stephan Carroll', '775 Murray Motorway Suite 042\nTiaburgh, MI 19265', '1-978-604-4469 x0002', 'engineering', '2017-10-07 16:18:50', '2017-10-07 16:18:50'),
(368, 'Dr. Jedidiah Ferry', '5649 Mraz Coves Suite 675\nShanyton, NJ 45698', '679-852-9330', 'math', '2017-10-07 16:18:50', '2017-10-07 16:18:50'),
(369, 'Ms. Martine Klein I', '21955 Schuster Point Suite 277\nBruenbury, SD 78793-6917', '1-521-714-7495', 'engineering', '2017-10-07 16:18:50', '2017-10-07 16:18:50'),
(370, 'Kayden Watsica', '56432 Colton Square\nAngelachester, MO 96324', '(561) 550-4834 x5500', 'physics', '2017-10-07 16:18:50', '2017-10-07 16:18:50'),
(371, 'Ms. Allene Schuster', '315 Brakus Terrace\nJuniusfurt, OR 45047', '(867) 270-4439', 'math', '2017-10-07 16:18:50', '2017-10-07 16:18:50'),
(372, 'Miss Christelle Cronin V', '718 Pietro Walks\nGrimeschester, NH 67100', '+13356448752', 'physics', '2017-10-07 16:18:50', '2017-10-07 16:18:50'),
(373, 'Leo Reichert', '9890 Theo Course\nPort Muhammadfurt, NC 24278', '+1 (853) 240-2372', 'math', '2017-10-07 16:18:50', '2017-10-07 16:18:50'),
(374, 'Susana Cummerata', '76645 Walker Villages\nMarjolaineborough, HI 01401-4167', '(873) 674-0397', 'physics', '2017-10-07 16:18:50', '2017-10-07 16:18:50'),
(375, 'Omari Shanahan', '171 Miles Trace\nCartermouth, ME 47587', '605.591.3467', 'engineering', '2017-10-07 16:18:50', '2017-10-07 16:18:50'),
(376, 'Mrs. Jadyn Hoppe III', '5006 Alverta Harbors\nHermannshire, MA 99882', '(367) 699-2619 x565', 'physics', '2017-10-07 16:18:50', '2017-10-07 16:18:50'),
(377, 'Filomena Wilkinson', '366 Luis Islands\nTorphychester, MS 98796-8074', '1-383-536-8251 x704', 'engineering', '2017-10-07 16:18:50', '2017-10-07 16:18:50'),
(378, 'Raquel Carter', '371 Ziemann Knoll\nPort Ebony, NE 68779', '+18052872651', 'physics', '2017-10-07 16:18:50', '2017-10-07 16:18:50'),
(379, 'Miss Ethelyn Johnston PhD', '76388 Skiles Tunnel Apt. 698\nLake Danteview, IL 72199', '854.394.2899', 'math', '2017-10-07 16:18:50', '2017-10-07 16:18:50'),
(380, 'Dr. Roy Beahan IV', '78666 Moen Freeway\nKoeppburgh, NC 27937-2007', '+1-696-839-0939', 'engineering', '2017-10-07 16:18:50', '2017-10-07 16:18:50'),
(381, 'Rubye Daugherty IV', '96557 Torphy Parkway Suite 437\nEast Robinmouth, AZ 22083-5287', '1-302-573-3063 x1285', 'math', '2017-10-07 16:18:50', '2017-10-07 16:18:50'),
(382, 'Lauriane Hamill', '3307 Brakus Mills Suite 613\nNew Rasheedview, VT 79379', '+15129557515', 'engineering', '2017-10-07 16:18:50', '2017-10-07 16:18:50'),
(383, 'Krista McGlynn', '777 Constantin Flat Suite 988\nNew Grahamport, GA 27500-5894', '+1-209-428-7725', 'math', '2017-10-07 16:18:50', '2017-10-07 16:18:50'),
(384, 'Abagail Williamson III', '24342 Gutmann Point Suite 067\nWest Brycehaven, AL 20541', '+1 (318) 884-6554', 'physics', '2017-10-07 16:18:50', '2017-10-07 16:18:50'),
(385, 'Margarett Hilpert', '738 Krajcik Garden Suite 596\nEast Dora, WA 87115-1267', '+1 (624) 621-0334', 'physics', '2017-10-07 16:18:50', '2017-10-07 16:18:50'),
(386, 'Miss Jackeline Cummings DDS', '105 Devin Radial\nRicardomouth, HI 99517-4973', '1-457-430-1530', 'math', '2017-10-07 16:18:50', '2017-10-07 16:18:50'),
(387, 'Carlos Quitzon', '782 Zemlak Circles\nConsidineberg, NJ 25841-6182', '976.560.9962', 'physics', '2017-10-07 16:18:50', '2017-10-07 16:18:50'),
(388, 'Maryam McCullough', '46426 Kautzer Point\nStokeston, IL 21788-4152', '+1.421.388.3027', 'math', '2017-10-07 16:18:50', '2017-10-07 16:18:50'),
(389, 'Jettie Adams MD', '309 Danielle Fields\nNellieberg, ME 55545-4758', '+1-660-915-5849', 'math', '2017-10-07 16:18:50', '2017-10-07 16:18:50'),
(390, 'Dr. Amelia Bins II', '906 Lysanne Springs\nRobelshire, WA 95384-4695', '1-551-394-0025 x3392', 'engineering', '2017-10-07 16:18:50', '2017-10-07 16:18:50'),
(391, 'Bernie Schoen Sr.', '16437 Jermaine Radial\nSouth Wilfordmouth, RI 26333', '931-549-8975', 'engineering', '2017-10-07 16:18:50', '2017-10-07 16:18:50'),
(392, 'Deondre Kemmer I', '6450 Priscilla Garden Suite 476\nSallystad, OR 84775', '275-362-9063 x398', 'physics', '2017-10-07 16:18:50', '2017-10-07 16:18:50'),
(393, 'Prof. Leopold Heathcote DDS', '61029 Omari Mission Suite 026\nPort Catherine, MS 46418-7233', '(401) 374-9415', 'math', '2017-10-07 16:18:50', '2017-10-07 16:18:50'),
(394, 'Miss Destany Leffler V', '407 Destiney Mews\nWest Cheyenneland, NJ 13658', '+1-368-600-2402', 'physics', '2017-10-07 16:18:50', '2017-10-07 16:18:50'),
(395, 'Bernhard Collins', '730 Julianne Pines\nKuhicburgh, MN 96509-2602', '+1-493-620-4386', 'math', '2017-10-07 16:18:50', '2017-10-07 16:18:50'),
(396, 'Andre O\'Keefe', '5209 Amina Vista\nLake Emmieborough, UT 05686-8034', '617.672.4136 x6604', 'math', '2017-10-07 16:18:50', '2017-10-07 16:18:50'),
(397, 'Edison Wiza', '5789 Fisher Pass Apt. 100\nLake Domenick, CO 54855', '1-236-457-5859 x82554', 'physics', '2017-10-07 16:18:50', '2017-10-07 16:18:50'),
(398, 'Yazmin Koss', '2361 Crooks Fork Suite 720\nNorth Orlo, NM 15020', '(960) 246-4281 x562', 'math', '2017-10-07 16:18:50', '2017-10-07 16:18:50'),
(399, 'Hyman Cremin', '62926 Lauren Parkway\nConsidineport, LA 98750-2257', '221.913.5704', 'physics', '2017-10-07 16:18:50', '2017-10-07 16:18:50'),
(400, 'Mr. Keeley Vandervort', '99580 Walsh Mountain Suite 076\nMelissaview, OR 86024-7709', '905.939.9954 x22628', 'physics', '2017-10-07 16:18:50', '2017-10-07 16:18:50'),
(401, 'Savanah Volkman', '27064 Haley Vista\nBartonberg, IA 05819-2846', '1-297-827-7975', 'math', '2017-10-07 16:18:50', '2017-10-07 16:18:50'),
(402, 'Howell Okuneva', '38129 Carter Estates\nTerryberg, ME 91804', '(649) 920-7583', 'engineering', '2017-10-07 16:18:50', '2017-10-07 16:18:50'),
(403, 'Mrs. Luella Mayer', '2387 Walter Trace\nRosshaven, MN 61528-9527', '+1.440.878.3706', 'math', '2017-10-07 16:18:50', '2017-10-07 16:18:50'),
(404, 'Miss Ena Friesen DDS', '21214 Stokes Cliffs Apt. 180\nEast Gaylordhaven, NM 84391-7084', '629.544.5326', 'math', '2017-10-07 16:18:50', '2017-10-07 16:18:50'),
(405, 'Carolanne Zemlak', '929 Agnes Locks Apt. 677\nSpinkaberg, KY 20411-3337', '+13215168571', 'physics', '2017-10-07 16:18:50', '2017-10-07 16:18:50'),
(406, 'Dr. Pauline Wiza', '2326 Douglas Locks Suite 604\nWest Ricostad, TX 60064', '(582) 987-5836 x10719', 'engineering', '2017-10-07 16:18:50', '2017-10-07 16:18:50'),
(407, 'Wendy Senger', '952 Vivian Lake\nEast Heatherport, AR 21061-6267', '1-817-983-8505 x973', 'math', '2017-10-07 16:18:50', '2017-10-07 16:18:50'),
(408, 'Ms. Gracie Volkman IV', '50147 Emie Key\nNew Caleport, OR 11614', '+1-368-413-3734', 'physics', '2017-10-07 16:18:50', '2017-10-07 16:18:50'),
(409, 'Desmond Bosco', '86070 Casandra Circles Suite 067\nBoyermouth, SD 17843', '1-479-364-6014 x28054', 'engineering', '2017-10-07 16:18:50', '2017-10-07 16:18:50'),
(410, 'Conrad Lockman MD', '15018 Funk Light Suite 344\nSedrickside, MA 37151-9903', '(340) 251-1095', 'physics', '2017-10-07 16:18:50', '2017-10-07 16:18:50'),
(411, 'Hilton Stoltenberg', '565 Clark Mission\nMarksmouth, WI 10203', '(687) 480-3737 x61146', 'math', '2017-10-07 16:18:50', '2017-10-07 16:18:50'),
(412, 'Mrs. Zoie Aufderhar', '21740 Madilyn Park\nNorth Dakotaland, NY 75369', '1-214-953-2799 x381', 'physics', '2017-10-07 16:18:50', '2017-10-07 16:18:50'),
(413, 'Jermey Swaniawski', '424 April Union\nHuelsburgh, TX 59323', '368.321.1689', 'math', '2017-10-07 16:18:50', '2017-10-07 16:18:50'),
(414, 'Markus Hartmann', '5854 Sanford Grove Apt. 581\nHillardville, AZ 18745', '(810) 219-2531', 'engineering', '2017-10-07 16:18:50', '2017-10-07 16:18:50'),
(415, 'Dr. Vida Buckridge', '43856 Jade Streets\nSouth Johnnie, NC 47298-4301', '+1 (643) 875-6596', 'math', '2017-10-07 16:18:50', '2017-10-07 16:18:50'),
(416, 'Prof. Reece Rau Jr.', '5913 Schneider Gateway Apt. 453\nSouth Dennisfurt, WV 34436', '(769) 546-1784 x946', 'math', '2017-10-07 16:18:50', '2017-10-07 16:18:50'),
(417, 'Miss Yessenia Bartoletti', '8719 Runolfsdottir Plaza Suite 297\nNew Vincenzoborough, MI 27868-9585', '+1-474-974-4345', 'physics', '2017-10-07 16:18:50', '2017-10-07 16:18:50'),
(418, 'Andreane Schowalter', '66281 Corkery Tunnel\nSchimmelstad, ME 27696-7388', '(951) 818-1895 x574', 'math', '2017-10-07 16:18:50', '2017-10-07 16:18:50'),
(419, 'Dr. Electa McLaughlin III', '6470 Hermiston Ramp Apt. 041\nCartwrightport, OH 79526', '320.783.4143 x4535', 'math', '2017-10-07 16:18:50', '2017-10-07 16:18:50'),
(420, 'Anya Bayer', '6204 Lesch Bypass\nNew Robertberg, LA 95104', '1-770-307-3508 x49868', 'engineering', '2017-10-07 16:18:50', '2017-10-07 16:18:50'),
(421, 'Verona Gislason', '3098 Wolf Hollow\nMakennaland, TX 08408-5188', '407.472.1975 x898', 'math', '2017-10-07 16:18:50', '2017-10-07 16:18:50'),
(422, 'Aida Flatley', '577 Zane Burgs\nWest Rosalindborough, NH 84591-0515', '1-852-697-8540', 'engineering', '2017-10-07 16:18:50', '2017-10-07 16:18:50'),
(423, 'Doris Gislason', '95664 Mia Locks\nMarkhaven, IN 84008', '1-458-652-4315', 'physics', '2017-10-07 16:18:50', '2017-10-07 16:18:50'),
(424, 'Dr. Alfredo Jacobson I', '4692 Gusikowski Corner Suite 788\nPort Liana, NY 91858', '476.465.9062 x1893', 'physics', '2017-10-07 16:18:50', '2017-10-07 16:18:50'),
(425, 'Prof. Etha Fay MD', '50808 Gardner Dale\nBartonside, SC 18653-3002', '1-416-300-2693', 'math', '2017-10-07 16:18:50', '2017-10-07 16:18:50'),
(426, 'Wilburn O\'Reilly', '89955 Okuneva Alley Apt. 733\nGusikowskihaven, VT 32123-9140', '331.537.1736 x59030', 'engineering', '2017-10-07 16:18:50', '2017-10-07 16:18:50'),
(427, 'Fay Renner', '53716 Cruz Unions Apt. 348\nSawaynton, HI 58459-9669', '203-526-7065 x054', 'engineering', '2017-10-07 16:18:50', '2017-10-07 16:18:50'),
(428, 'Edgardo Erdman', '37535 Johnson Mews\nMikaylaview, OH 95837-8200', '639.221.3496 x756', 'math', '2017-10-07 16:18:50', '2017-10-07 16:18:50'),
(429, 'Gerardo Bailey Sr.', '5448 Littel Rapid\nMillertown, NM 66901-8354', '334-513-8267', 'physics', '2017-10-07 16:18:50', '2017-10-07 16:18:50'),
(430, 'Izabella Lebsack', '63098 Donnelly Corners Suite 165\nCronafort, MD 37381-7856', '+1.698.859.3031', 'math', '2017-10-07 16:18:50', '2017-10-07 16:18:50'),
(431, 'Jett Jones I', '783 Polly Fords\nSouth Reedport, MA 20529', '1-342-994-0191', 'math', '2017-10-07 16:18:50', '2017-10-07 16:18:50'),
(432, 'Glen Smith', '557 Moen Fall Apt. 786\nPort Everette, CO 74866', '446.590.3466', 'engineering', '2017-10-07 16:18:50', '2017-10-07 16:18:50'),
(433, 'Francisca Baumbach', '7248 Reinhold Fields Suite 713\nKyraside, TN 80015-4176', '1-795-253-4247 x353', 'math', '2017-10-07 16:18:50', '2017-10-07 16:18:50'),
(434, 'Joanny Schneider', '93292 Zemlak Stream\nWest Trentonton, ND 95387-4268', '932.427.5192', 'engineering', '2017-10-07 16:18:50', '2017-10-07 16:18:50'),
(435, 'Mr. Osborne Jast V', '1069 Berry Roads\nNorth Genovevaville, VA 01653-0844', '+1 (439) 716-9530', 'engineering', '2017-10-07 16:18:50', '2017-10-07 16:18:50'),
(436, 'Zack Romaguera', '99702 Nina Lodge\nWolffport, NH 11804', '+1 (517) 569-0452', 'math', '2017-10-07 16:18:50', '2017-10-07 16:18:50'),
(437, 'Lila Corwin DVM', '177 Shanel Harbors\nRamonside, NH 80670', '403-244-7926 x98954', 'engineering', '2017-10-07 16:18:50', '2017-10-07 16:18:50'),
(438, 'Dr. Brown Koch Jr.', '385 Ari Green Apt. 727\nMyleneville, VA 07482', '+1-868-940-4310', 'engineering', '2017-10-07 16:18:50', '2017-10-07 16:18:50'),
(439, 'Samanta Hamill', '4012 Flatley Island\nGulgowskimouth, IA 51315-6042', '+1 (374) 826-1814', 'math', '2017-10-07 16:18:50', '2017-10-07 16:18:50'),
(440, 'Antonina Dietrich', '7803 Isabelle Skyway\nPort Aprilshire, CT 09529', '(375) 680-9648', 'math', '2017-10-07 16:18:50', '2017-10-07 16:18:50'),
(441, 'Prof. Audreanne Littel', '2041 Heath Lane\nNew Jamelchester, WA 98944', '1-727-355-5862 x6095', 'engineering', '2017-10-07 16:18:50', '2017-10-07 16:18:50'),
(442, 'Ulices Koch', '3706 Wilkinson Trafficway\nPort Laisha, NE 73643-1635', '729.342.3278', 'physics', '2017-10-07 16:18:50', '2017-10-07 16:18:50'),
(443, 'Coby Pfeffer', '453 Rolfson Crossroad Apt. 298\nLenorefurt, WA 12477-6072', '+1-271-258-8981', 'engineering', '2017-10-07 16:18:50', '2017-10-07 16:18:50'),
(444, 'Roy Fisher', '836 Maverick Gardens\nRatkeview, FL 63482-5550', '(246) 961-3944 x2123', 'math', '2017-10-07 16:18:50', '2017-10-07 16:18:50'),
(445, 'Amanda Dietrich', '2947 Nicholaus Skyway\nWest Yvonneborough, VT 99915', '1-817-900-3827 x68348', 'physics', '2017-10-07 16:18:50', '2017-10-07 16:18:50'),
(446, 'Dr. Kennith Bins', '9322 Torrance Glens Apt. 659\nKatelinbury, NH 84794', '328-656-3307 x9370', 'physics', '2017-10-07 16:18:50', '2017-10-07 16:18:50'),
(447, 'Dr. Arjun Reichel', '773 Huels Route Suite 854\nBreitenbergbury, DC 91474', '+1.642.203.5441', 'physics', '2017-10-07 16:18:50', '2017-10-07 16:18:50'),
(448, 'Lavonne Glover MD', '1072 Golda Crest\nMorarberg, IN 50281-7357', '767.743.5077 x1614', 'physics', '2017-10-07 16:18:50', '2017-10-07 16:18:50'),
(449, 'Mr. Ayden Swift Jr.', '339 Juanita Brooks Apt. 268\nRutheland, SC 07662', '447-487-1974', 'physics', '2017-10-07 16:18:50', '2017-10-07 16:18:50'),
(450, 'Mr. Chelsey Bins Sr.', '20129 Kane Shoal Suite 034\nBretview, OR 82242-5078', '367.608.3420 x9869', 'engineering', '2017-10-07 16:18:50', '2017-10-07 16:18:50'),
(451, 'Retha Predovic', '4214 Herman Rapid\nJamarcusburgh, ID 26430', '+1.819.365.5259', 'math', '2017-10-07 16:18:50', '2017-10-07 16:18:50'),
(452, 'Prof. Noemi Mann', '9655 Nolan Rest\nDaphneeton, HI 44380', '883-674-7732', 'physics', '2017-10-07 16:18:50', '2017-10-07 16:18:50'),
(453, 'Jakob Jenkins', '474 Heller Drive\nRowechester, FL 22458-3491', '(431) 604-4136 x400', 'math', '2017-10-07 16:18:50', '2017-10-07 16:18:50'),
(454, 'Michele Larson', '783 Emie Ramp Apt. 275\nChelseyland, IL 17925', '1-251-528-2316', 'engineering', '2017-10-07 16:18:50', '2017-10-07 16:18:50'),
(455, 'Lisa Sauer MD', '1449 Angelina Stream Suite 948\nRobelland, AZ 57029', '467-506-6154 x07090', 'math', '2017-10-07 16:18:50', '2017-10-07 16:18:50'),
(456, 'Curtis Howe', '44318 Bogisich Rue Apt. 166\nSouth Andres, OK 42478', '581-752-4522', 'math', '2017-10-07 16:18:50', '2017-10-07 16:18:50'),
(457, 'Jaime Barrows', '51013 Sigmund Light Suite 946\nNew Fosterfurt, MA 47504', '(623) 417-2910 x8351', 'engineering', '2017-10-07 16:18:50', '2017-10-07 16:18:50'),
(458, 'Mr. Ronaldo Hickle', '6911 Feest Isle Apt. 405\nEast Thelmaland, ND 31218-2516', '1-346-753-8170 x3897', 'engineering', '2017-10-07 16:18:50', '2017-10-07 16:18:50'),
(459, 'Thurman Jakubowski DVM', '3192 Cassandre Ridges Apt. 561\nSouth Aiden, MI 28096', '1-984-816-2039 x1093', 'physics', '2017-10-07 16:18:50', '2017-10-07 16:18:50'),
(460, 'Magnolia Hagenes', '219 Bosco Walk Suite 083\nSouth Emmanuelleburgh, MA 99896', '259.384.6284 x98250', 'physics', '2017-10-07 16:18:50', '2017-10-07 16:18:50'),
(461, 'Elvie Ziemann', '1940 Aryanna Spur\nMannfurt, NV 72888-2680', '496.486.4071', 'math', '2017-10-07 16:18:50', '2017-10-07 16:18:50'),
(462, 'Ron Walker', '1505 Rutherford Walks\nNew Michellemouth, WY 00741-0311', '758.457.3921', 'engineering', '2017-10-07 16:18:50', '2017-10-07 16:18:50'),
(463, 'Dr. Quinten Cole Sr.', '90591 Johnson Green Suite 582\nSouth Davinfurt, WI 97973-4701', '947.661.8637', 'math', '2017-10-07 16:18:50', '2017-10-07 16:18:50'),
(464, 'Johann Klein', '3574 Jena Walks Apt. 485\nSouth Margie, MN 73265', '482.693.5861', 'engineering', '2017-10-07 16:18:50', '2017-10-07 16:18:50'),
(465, 'Adela Stoltenberg', '633 Stracke Center\nLake Emely, KS 35213-6280', '(345) 615-5379', 'engineering', '2017-10-07 16:18:50', '2017-10-07 16:18:50'),
(466, 'Miss Deborah Weber MD', '948 Gladyce Drive Apt. 931\nSchulistmouth, MI 80023', '(401) 882-4018 x395', 'engineering', '2017-10-07 16:18:50', '2017-10-07 16:18:50'),
(467, 'Janie McLaughlin', '208 Stanton Forge\nPort Alverachester, HI 52068-6921', '635.541.5211 x36246', 'engineering', '2017-10-07 16:18:50', '2017-10-07 16:18:50'),
(468, 'Furman Johns Sr.', '46959 Hammes Divide Suite 334\nWest Mayborough, NJ 45752-0570', '1-325-919-4462', 'math', '2017-10-07 16:18:50', '2017-10-07 16:18:50'),
(469, 'Laron Hauck III', '10212 Marley Coves\nPort Clevetown, GA 31183', '1-247-336-1933 x30637', 'engineering', '2017-10-07 16:18:50', '2017-10-07 16:18:50'),
(470, 'Ariel King', '314 Aliya Port\nPort Ansley, PA 72544', '914.524.1007 x266', 'physics', '2017-10-07 16:18:50', '2017-10-07 16:18:50'),
(471, 'Mr. Marco Padberg II', '77181 Jayda Shores\nPort Benton, KY 74201-4969', '+1-273-768-6888', 'engineering', '2017-10-07 16:18:50', '2017-10-07 16:18:50'),
(472, 'Rick McClure DDS', '8803 Parker Rue\nCartwrightstad, FL 32859-4446', '1-840-472-0962', 'math', '2017-10-07 16:18:50', '2017-10-07 16:18:50'),
(473, 'Rhett Zemlak PhD', '373 Bryana Rapids\nLakinside, NH 10323', '(514) 444-3176 x17375', 'engineering', '2017-10-07 16:18:50', '2017-10-07 16:18:50'),
(474, 'Jacklyn Koepp', '2421 Edmund Pine\nVadaland, MA 76808', '+1-304-983-1007', 'engineering', '2017-10-07 16:18:50', '2017-10-07 16:18:50'),
(475, 'Vernice Nienow', '8408 Schuster Square\nBrianport, CA 47435-7238', '(540) 393-0062 x2925', 'math', '2017-10-07 16:18:50', '2017-10-07 16:18:50'),
(476, 'Urban Beatty I', '8427 America Freeway Apt. 521\nSouth Aliceport, FL 91252', '(570) 908-3230 x477', 'physics', '2017-10-07 16:18:50', '2017-10-07 16:18:50'),
(477, 'Hobart Kunde', '4185 Bechtelar Inlet Apt. 711\nNew Elroy, NY 12202-9884', '+1.575.807.7687', 'engineering', '2017-10-07 16:18:50', '2017-10-07 16:18:50'),
(478, 'Raegan Haag', '8488 Senger Estates\nPort Jaclyn, SC 34428-4902', '+1-978-562-8107', 'physics', '2017-10-07 16:18:50', '2017-10-07 16:18:50'),
(479, 'Ms. Shirley Becker DVM', '771 O\'Connell Brook\nSouth Quinton, SC 40248-5993', '(284) 785-0376', 'physics', '2017-10-07 16:18:50', '2017-10-07 16:18:50'),
(480, 'Mario Von', '437 Grant Wall Suite 363\nNorth Joanie, IL 51699', '(675) 640-7018', 'physics', '2017-10-07 16:18:50', '2017-10-07 16:18:50'),
(481, 'Mozelle Kohler', '64849 Rath Tunnel Apt. 104\nEast Suzanne, NC 49879', '763-884-8670 x1617', 'physics', '2017-10-07 16:18:50', '2017-10-07 16:18:50'),
(482, 'Keon Konopelski', '84182 Nolan Path\nEast Yadira, UT 77328', '(643) 857-1031 x322', 'engineering', '2017-10-07 16:18:50', '2017-10-07 16:18:50'),
(483, 'Lacey Legros PhD', '876 Jarod Port Suite 267\nNorth Arturoburgh, OH 92743', '1-452-312-9855', 'math', '2017-10-07 16:18:50', '2017-10-07 16:18:50'),
(484, 'Josh Hane', '218 Rosalee Camp Apt. 778\nRathfurt, IL 91137', '+13609791525', 'math', '2017-10-07 16:18:50', '2017-10-07 16:18:50'),
(485, 'Charlie Schaefer', '218 Kihn Parks\nTremblayside, NV 51845', '(930) 898-7418 x4059', 'math', '2017-10-07 16:18:50', '2017-10-07 16:18:50'),
(486, 'Ms. Brenna Brown', '7706 Sporer Manor\nJohnsonborough, AZ 75350', '1-492-938-3972 x49622', 'engineering', '2017-10-07 16:18:50', '2017-10-07 16:18:50'),
(487, 'Nathanial Murphy', '1876 Lehner Corners Suite 640\nEast Simeon, PA 97977', '(368) 250-2474 x026', 'math', '2017-10-07 16:18:50', '2017-10-07 16:18:50'),
(488, 'Marietta Rogahn', '85854 Gusikowski Oval\nCindymouth, MN 15661-5354', '1-554-801-2280 x851', 'engineering', '2017-10-07 16:18:50', '2017-10-07 16:18:50'),
(489, 'Daniella Dickens', '79927 Hamill Way\nJonesside, MS 35623-1007', '(361) 342-7415 x40692', 'physics', '2017-10-07 16:18:50', '2017-10-07 16:18:50'),
(490, 'Harold Ankunding', '28797 Gordon Mission Apt. 962\nOberbrunnerstad, NM 05287-4148', '1-669-791-4468', 'engineering', '2017-10-07 16:18:50', '2017-10-07 16:18:50'),
(491, 'Adele Russel', '6451 Goodwin Field Apt. 794\nWest Titusborough, TN 17836', '1-806-904-3057 x75369', 'engineering', '2017-10-07 16:18:50', '2017-10-07 16:18:50'),
(492, 'Sandra McLaughlin III', '35545 Hamill Spurs Apt. 351\nHicklefurt, IL 28811', '(657) 794-4365', 'physics', '2017-10-07 16:18:50', '2017-10-07 16:18:50'),
(493, 'Jamey Heller', '402 Lindgren Fork Apt. 255\nLiamouth, TX 03198-1729', '813.981.7726 x11481', 'engineering', '2017-10-07 16:18:50', '2017-10-07 16:18:50'),
(494, 'Mr. Brannon VonRueden PhD', '1639 Florian Trace\nMorganland, OH 91357-5777', '732.213.5735', 'engineering', '2017-10-07 16:18:50', '2017-10-07 16:18:50'),
(495, 'Braulio Weber', '963 Sipes Highway\nHuelshaven, MI 87348', '+1 (946) 686-6798', 'physics', '2017-10-07 16:18:50', '2017-10-07 16:18:50'),
(496, 'Domenic Marks DDS', '104 Clotilde Ramp Suite 407\nClairborough, AR 66798-0514', '+1-467-686-6865', 'engineering', '2017-10-07 16:18:50', '2017-10-07 16:18:50'),
(497, 'Dr. Corine Beier PhD', '935 Nolan Pines\nWaelchimouth, OH 23125', '305.667.7673', 'engineering', '2017-10-07 16:18:50', '2017-10-07 16:18:50'),
(498, 'Ms. Birdie Swift', '5839 Kailey Green\nWest Josiannemouth, WA 21449', '738-290-5259', 'math', '2017-10-07 16:18:50', '2017-10-07 16:18:50'),
(499, 'Brooke Rutherford', '4770 Pfeffer Inlet\nPort Mikeland, TN 43618-3124', '1-274-960-0809 x09511', 'physics', '2017-10-07 16:18:50', '2017-10-07 16:18:50'),
(500, 'Abigail Bogisich PhD', '656 Linnea Estates\nBayertown, CO 14466-0875', '1-339-620-8897 x8878', 'math', '2017-10-07 16:18:50', '2017-10-07 16:18:50');

-- --------------------------------------------------------

--
-- Table structure for table `teachers`
--

DROP TABLE IF EXISTS `teachers`;
CREATE TABLE IF NOT EXISTS `teachers` (
  `id` int(10) UNSIGNED NOT NULL AUTO_INCREMENT,
  `name` varchar(255) COLLATE utf8_unicode_ci NOT NULL,
  `address` varchar(255) COLLATE utf8_unicode_ci NOT NULL,
  `phone` varchar(255) COLLATE utf8_unicode_ci NOT NULL,
  `profession` varchar(255) COLLATE utf8_unicode_ci NOT NULL,
  `created_at` timestamp NOT NULL DEFAULT '0000-00-00 00:00:00',
  `updated_at` timestamp NOT NULL DEFAULT '0000-00-00 00:00:00',
  PRIMARY KEY (`id`)
) ENGINE=MyISAM AUTO_INCREMENT=51 DEFAULT CHARSET=utf8 COLLATE=utf8_unicode_ci;

--
-- Dumping data for table `teachers`
--

INSERT INTO `teachers` (`id`, `name`, `address`, `phone`, `profession`, `created_at`, `updated_at`) VALUES
(1, 'Prof. Oswald Lind I', '874 Muller Roads\nLake Patview, SC 57129', '221.492.2480 x397', 'engineering', '2017-10-07 16:18:50', '2017-10-07 16:18:50'),
(2, 'Yessenia Stiedemann', '831 Hermann Groves Apt. 924\nKacimouth, IN 19583', '330-669-2265', 'engineering', '2017-10-07 16:18:50', '2017-10-07 16:18:50'),
(3, 'Jayne Keebler', '93567 Kacie Trail\nNorth Ariel, ID 14454-3075', '(593) 574-4463', 'math', '2017-10-07 16:18:50', '2017-10-07 16:18:50'),
(4, 'Mrs. Candida Lakin II', '853 Anjali Divide\nLake Norval, LA 83240-6926', '1-778-659-8906', 'math', '2017-10-07 16:18:50', '2017-10-07 16:18:50'),
(5, 'Everette Conroy DDS', '707 Nolan Flats\nNew Salliestad, CT 01747', '+1-330-837-8074', 'physics', '2017-10-07 16:18:50', '2017-10-07 16:18:50'),
(6, 'Mr. Tristin Senger PhD', '536 White Coves Apt. 605\nLakinport, CA 39559', '(442) 865-5784', 'math', '2017-10-07 16:18:50', '2017-10-07 16:18:50'),
(7, 'Daniella Roob', '66759 Abernathy Drive\nEast Roslynmouth, OK 74148-3809', '+14029136244', 'engineering', '2017-10-07 16:18:50', '2017-10-07 16:18:50'),
(8, 'Santina Hickle', '389 Conn Forge Apt. 554\nSouth Easterfurt, WI 70102-8911', '331-870-1225 x46081', 'engineering', '2017-10-07 16:18:50', '2017-10-07 16:18:50'),
(9, 'Neil Zemlak', '9116 Eugene Lock Suite 292\nCarmelaton, WY 34989-4083', '(497) 533-2270 x726', 'engineering', '2017-10-07 16:18:50', '2017-10-07 16:18:50'),
(10, 'Monserrat Tremblay PhD', '77330 Jana Cliff Apt. 941\nEdmundfort, AK 75952', '1-632-869-6448', 'physics', '2017-10-07 16:18:50', '2017-10-07 16:18:50'),
(11, 'Dr. Joannie Rowe Jr.', '12719 Durgan Vista Suite 701\nPowlowskifurt, MT 83616', '1-846-887-4310', 'math', '2017-10-07 16:18:50', '2017-10-07 16:18:50'),
(12, 'Reba Jaskolski', '1858 Dickens Avenue\nSouth Emmie, KS 06985', '894-420-7886 x23238', 'math', '2017-10-07 16:18:50', '2017-10-07 16:18:50'),
(13, 'Ms. Brielle Kulas', '245 Nova Corners Suite 915\nPort Loriland, NH 54915-6182', '(865) 627-5641 x998', 'physics', '2017-10-07 16:18:50', '2017-10-07 16:18:50'),
(14, 'Geo Hoppe V', '7647 Cleve Green\nErnserfurt, AR 27058-5072', '1-685-551-0877', 'engineering', '2017-10-07 16:18:50', '2017-10-07 16:18:50'),
(15, 'Deshaun Smitham', '85085 Hammes Fall Apt. 963\nHarveyfort, MO 88655-0406', '341-391-0870', 'math', '2017-10-07 16:18:50', '2017-10-07 16:18:50'),
(16, 'Lilliana Cronin', '92958 Muller Creek\nEast Karl, WY 27082', '938.904.9281', 'math', '2017-10-07 16:18:50', '2017-10-07 16:18:50'),
(17, 'Kenna Larkin', '429 Eda Shoal\nGoodwinview, NM 68002', '+1-392-554-5336', 'physics', '2017-10-07 16:18:50', '2017-10-07 16:18:50'),
(18, 'Fern Ritchie', '70499 Schmitt Rapid\nCreminfurt, MS 48652', '+1-360-832-2182', 'engineering', '2017-10-07 16:18:50', '2017-10-07 16:18:50'),
(19, 'Abdul Schumm', '561 Lulu Haven Apt. 447\nWest Helga, UT 69135-7556', '807.933.3846', 'math', '2017-10-07 16:18:50', '2017-10-07 16:18:50'),
(20, 'Tabitha Davis III', '40241 Mario Crossroad Suite 844\nAnsleyfort, CO 45179-4183', '663-208-2911', 'math', '2017-10-07 16:18:50', '2017-10-07 16:18:50'),
(21, 'Bernita Goodwin', '8312 Dickinson Extension\nElvatown, KY 64742-0367', '829-795-4556', 'math', '2017-10-07 16:18:50', '2017-10-07 16:18:50'),
(22, 'Dr. Brielle O\'Hara', '3829 Treutel Passage\nEast Braxtonmouth, VA 89099', '+1.925.316.6052', 'physics', '2017-10-07 16:18:50', '2017-10-07 16:18:50'),
(23, 'Dr. Stacy Lynch', '3561 Patience Unions\nJevonland, KY 43369-8732', '594.912.9630 x0600', 'physics', '2017-10-07 16:18:50', '2017-10-07 16:18:50'),
(24, 'Florine Donnelly', '724 Lola Port Suite 115\nWest Hilario, OK 74699', '1-340-577-1313 x27886', 'engineering', '2017-10-07 16:18:50', '2017-10-07 16:18:50'),
(25, 'Prof. Meredith Wilkinson', '81671 Declan Parkway\nQuintenfurt, MS 96698-3596', '+1.627.763.7392', 'physics', '2017-10-07 16:18:50', '2017-10-07 16:18:50'),
(26, 'Jaiden Mann', '736 Bruen Cape\nHarleymouth, IN 48529-2631', '675-384-1903 x4431', 'engineering', '2017-10-07 16:18:50', '2017-10-07 16:18:50'),
(27, 'Ms. Yessenia Kirlin MD', '16814 Pat Lane Suite 792\nEast Velva, NC 73618-0562', '+1.875.620.8414', 'physics', '2017-10-07 16:18:50', '2017-10-07 16:18:50'),
(28, 'Dr. Rosetta Schmitt V', '7136 Osborne Mills\nMilanmouth, CA 98479', '+1-269-202-2298', 'physics', '2017-10-07 16:18:50', '2017-10-07 16:18:50'),
(29, 'Tressie Kozey', '5443 McCullough Ville\nRosastad, HI 17467-9507', '1-209-558-6988', 'math', '2017-10-07 16:18:50', '2017-10-07 16:18:50'),
(30, 'Randi Schinner', '582 Mueller Street Suite 043\nLake Elaina, NM 99543', '843-759-4866', 'physics', '2017-10-07 16:18:50', '2017-10-07 16:18:50'),
(31, 'Darrion Heidenreich', '16530 Tony Pike\nStefanport, HI 80842-7189', '1-608-994-4801 x04782', 'physics', '2017-10-07 16:18:50', '2017-10-07 16:18:50'),
(32, 'Terrell Turner', '88554 Ocie Mission\nTillmanville, UT 59900-8330', '1-231-798-4533', 'math', '2017-10-07 16:18:50', '2017-10-07 16:18:50'),
(33, 'Marty Feest', '82510 Mertie Stream Suite 581\nVanville, WA 04842', '(776) 300-5578 x6575', 'math', '2017-10-07 16:18:50', '2017-10-07 16:18:50'),
(34, 'Jerad Kilback MD', '122 Tremblay Springs\nKarimouth, WA 82980', '+1.327.914.1999', 'math', '2017-10-07 16:18:50', '2017-10-07 16:18:50'),
(35, 'Geo Schmitt', '248 Grady Land\nNew Deltamouth, OK 06969-3878', '+1-750-226-8760', 'physics', '2017-10-07 16:18:50', '2017-10-07 16:18:50'),
(36, 'Kiara Bailey', '62358 Zemlak Villages\nWest Nola, UT 83531', '224.486.8627', 'math', '2017-10-07 16:18:50', '2017-10-07 16:18:50'),
(37, 'Trevion Hills', '64259 Walter Avenue Suite 970\nLacyfort, MA 21688', '(665) 671-2428 x026', 'engineering', '2017-10-07 16:18:50', '2017-10-07 16:18:50'),
(38, 'Diego Hansen', '10425 Hickle Valleys Apt. 414\nEast Rhodafort, KY 33648-6269', '267.988.7384 x6052', 'engineering', '2017-10-07 16:18:50', '2017-10-07 16:18:50'),
(39, 'Jacky Wolff', '5348 Bashirian Shoals\nJohnsonport, OK 77748', '1-374-454-9309', 'math', '2017-10-07 16:18:50', '2017-10-07 16:18:50'),
(40, 'Prof. Roscoe O\'Keefe', '540 Herzog Harbors Apt. 400\nBartonport, UT 06675', '+1.759.430.8740', 'engineering', '2017-10-07 16:18:50', '2017-10-07 16:18:50'),
(41, 'Reuben Collins', '779 Dominique Plains Apt. 051\nVandervortborough, LA 62691-8869', '(319) 916-2178 x5366', 'engineering', '2017-10-07 16:18:50', '2017-10-07 16:18:50'),
(42, 'Vita Ruecker Sr.', '48138 Stehr Ways Apt. 421\nLake Laurynmouth, MO 29223', '+12348198520', 'engineering', '2017-10-07 16:18:50', '2017-10-07 16:18:50'),
(43, 'Mr. Lenny Casper', '930 Etha Motorway\nEvanport, KS 00424-1656', '912.356.6712 x98086', 'engineering', '2017-10-07 16:18:50', '2017-10-07 16:18:50'),
(44, 'Dr. Sebastian Price', '6925 Ullrich Club\nKozeyshire, NM 11413', '1-606-899-5445', 'engineering', '2017-10-07 16:18:50', '2017-10-07 16:18:50'),
(45, 'Eva Abernathy', '5650 Brody Shoals\nEast Jeraldfurt, ID 63334', '(613) 910-2878 x685', 'engineering', '2017-10-07 16:18:50', '2017-10-07 16:18:50'),
(46, 'Jana Raynor', '87540 Rebeca Street\nLake Lionelburgh, AK 74949-8133', '812-653-5205', 'engineering', '2017-10-07 16:18:50', '2017-10-07 16:18:50'),
(47, 'Isom Homenick', '6782 Von Points\nEugeneton, TN 90667-4184', '+1 (536) 271-1626', 'engineering', '2017-10-07 16:18:50', '2017-10-07 16:18:50'),
(48, 'Kristy Heller', '1842 Bridget Vista\nGermaineport, TX 68168', '1-461-329-0995', 'math', '2017-10-07 16:18:50', '2017-10-07 16:18:50'),
(49, 'Desiree Beahan', '7082 Xavier Spur\nNew Zeldaside, DC 90972-0749', '+1-459-915-2618', 'engineering', '2017-10-07 16:18:50', '2017-10-07 16:18:50'),
(50, 'Patience Dare', '136 Lindsay Fields Suite 468\nWest Marcellafurt, VA 57033-6276', '+1-274-490-4520', 'math', '2017-10-07 16:18:50', '2017-10-07 16:18:50');

-- --------------------------------------------------------

--
-- Table structure for table `users`
--

DROP TABLE IF EXISTS `users`;
CREATE TABLE IF NOT EXISTS `users` (
  `id` int(11) NOT NULL AUTO_INCREMENT,
  `email` varchar(100) NOT NULL,
  `password` varchar(100) NOT NULL,
  `name` varchar(100) NOT NULL,
  `updated_at` timestamp NOT NULL DEFAULT CURRENT_TIMESTAMP,
  `created_at` timestamp NOT NULL DEFAULT CURRENT_TIMESTAMP,
  PRIMARY KEY (`id`)
) ENGINE=MyISAM AUTO_INCREMENT=3 DEFAULT CHARSET=latin1;

--
-- Dumping data for table `users`
--

INSERT INTO `users` (`id`, `email`, `password`, `name`, `updated_at`, `created_at`) VALUES
(2, 'test@test.com', '$2y$10$yi37NxWKK1OF3XhVcZ4ec.IMNnq5kU0aQeYWa9Nw7gmmW4remUeNa', 'test user', '2017-10-08 19:28:06', '2017-10-08 19:28:06');
COMMIT;

/*!40101 SET CHARACTER_SET_CLIENT=@OLD_CHARACTER_SET_CLIENT */;
/*!40101 SET CHARACTER_SET_RESULTS=@OLD_CHARACTER_SET_RESULTS */;
/*!40101 SET COLLATION_CONNECTION=@OLD_COLLATION_CONNECTION */;
