-- phpMyAdmin SQL Dump
-- version 4.7.4
-- https://www.phpmyadmin.net/
--
-- Host: 127.0.0.1:3306
-- Generation Time: Oct 06, 2017 at 05:15 PM
-- Server version: 5.7.19
-- PHP Version: 7.1.9

SET SQL_MODE = "NO_AUTO_VALUE_ON_ZERO";
SET AUTOCOMMIT = 0;
START TRANSACTION;
SET time_zone = "+00:00";


/*!40101 SET @OLD_CHARACTER_SET_CLIENT=@@CHARACTER_SET_CLIENT */;
/*!40101 SET @OLD_CHARACTER_SET_RESULTS=@@CHARACTER_SET_RESULTS */;
/*!40101 SET @OLD_COLLATION_CONNECTION=@@COLLATION_CONNECTION */;
/*!40101 SET NAMES utf8mb4 */;

--
-- Database: `lumenapi`
--

-- --------------------------------------------------------

--
-- Table structure for table `courses`
--

DROP TABLE IF EXISTS `courses`;
CREATE TABLE IF NOT EXISTS `courses` (
  `id` int(10) UNSIGNED NOT NULL AUTO_INCREMENT,
  `title` varchar(255) COLLATE utf8_unicode_ci NOT NULL,
  `description` varchar(255) COLLATE utf8_unicode_ci NOT NULL,
  `value` int(10) UNSIGNED NOT NULL,
  `teacher_id` int(10) UNSIGNED NOT NULL,
  `created_at` timestamp NOT NULL DEFAULT '0000-00-00 00:00:00',
  `updated_at` timestamp NOT NULL DEFAULT '0000-00-00 00:00:00',
  PRIMARY KEY (`id`),
  KEY `courses_teacher_id_foreign` (`teacher_id`)
) ENGINE=MyISAM AUTO_INCREMENT=41 DEFAULT CHARSET=utf8 COLLATE=utf8_unicode_ci;

--
-- Dumping data for table `courses`
--

INSERT INTO `courses` (`id`, `title`, `description`, `value`, `teacher_id`, `created_at`, `updated_at`) VALUES
(1, 'Ullam aut similique dolorem eveniet.', 'Ducimus dolor et esse. Rem animi et ex ipsam. Est deleniti accusamus labore molestias sed omnis. Est similique ullam quo quia quidem. Dolores aut quisquam sed quidem sint animi quas odit.', 1, 30, '2017-10-06 17:02:52', '2017-10-06 17:02:52'),
(2, 'Dignissimos voluptatibus impedit excepturi.', 'Iusto dicta fugiat quia ut veritatis repellat aut. Consequuntur consequatur et et sint sequi eum error. Odit qui officiis dolor est dicta. Ex ad porro voluptatem aut.', 3, 27, '2017-10-06 17:02:52', '2017-10-06 17:02:52'),
(3, 'Molestias ea maxime numquam.', 'Ut nisi illum cupiditate adipisci deserunt. Totam ea reprehenderit atque itaque. Harum assumenda quae consequatur ut rem et consequatur.', 3, 44, '2017-10-06 17:02:52', '2017-10-06 17:02:52'),
(4, 'Est odit dignissimos delectus consequatur.', 'Ut amet omnis et voluptatem numquam explicabo quos. Magnam consectetur sit quia magnam. Vel deserunt mollitia itaque voluptates omnis totam. Tenetur excepturi consequatur aut eligendi vel dolore beatae laudantium.', 2, 11, '2017-10-06 17:02:52', '2017-10-06 17:02:52'),
(5, 'Velit dolorem voluptatem expedita.', 'Voluptatum quae reiciendis ut voluptatem quia sit dolorem. Sit adipisci dignissimos veniam nam. Modi molestias quis molestias dolore voluptatibus dolores. Quos placeat asperiores quia dolor qui quae omnis.', 1, 8, '2017-10-06 17:02:52', '2017-10-06 17:02:52'),
(6, 'Consequatur dolores voluptates.', 'Cum soluta enim aut quo sed quis perferendis in. Consequuntur vero ad fugiat. Ut occaecati error quibusdam. Omnis quod ut quam dolor voluptas nesciunt ipsa.', 4, 28, '2017-10-06 17:02:52', '2017-10-06 17:02:52'),
(7, 'Non omnis enim quo et in.', 'Et ex sit illum quae cumque nihil. Sint facere ex aut rerum sed dolorum et dolor. Adipisci ut impedit vitae sit aliquam commodi ea. Molestiae veritatis et quidem impedit.', 3, 44, '2017-10-06 17:02:52', '2017-10-06 17:02:52'),
(8, 'Laborum sit quae ipsam ut iure.', 'Consectetur itaque laboriosam quo. Cum deserunt optio illo. Et ipsa neque voluptatibus rem repellat blanditiis fugiat. Nihil ea ratione libero mollitia porro. Corrupti quis veniam velit aut reprehenderit.', 3, 2, '2017-10-06 17:02:52', '2017-10-06 17:02:52'),
(9, 'Ipsum qui repudiandae rerum incidunt quisquam.', 'Et natus reprehenderit accusantium delectus. Aperiam in et reprehenderit accusantium suscipit. Quasi repudiandae modi aut ipsa numquam. Qui recusandae aut quaerat totam nisi ad.', 1, 46, '2017-10-06 17:02:52', '2017-10-06 17:02:52'),
(10, 'Optio natus asperiores placeat debitis.', 'Quidem occaecati rerum blanditiis et quidem eos placeat. Iure voluptas vero soluta ut dolorum corporis dolorem. Sed sunt consequatur sit repudiandae facere. Suscipit aut esse nemo omnis. Odit est quia et magni deleniti qui.', 3, 46, '2017-10-06 17:02:52', '2017-10-06 17:02:52'),
(11, 'Saepe eum ea voluptas fuga.', 'Molestiae rem pariatur ut sit qui. Est enim iusto ducimus quis ex. Velit ad et ut. Veniam minus magnam ut quo possimus accusantium voluptate. Deserunt ea eos quaerat libero et qui velit. Occaecati dolorem cum hic.', 4, 16, '2017-10-06 17:02:52', '2017-10-06 17:02:52'),
(12, 'Similique nihil nesciunt.', 'Cum quidem assumenda accusantium quia minima et delectus. Dolorem voluptas eveniet dolorem illum vero nisi aut. Ducimus et voluptates tempora autem ut qui fugit. A optio inventore nobis qui aspernatur. Rerum est aut doloremque est modi et. Numquam dolorem', 4, 31, '2017-10-06 17:02:52', '2017-10-06 17:02:52'),
(13, 'Harum consequatur eaque.', 'Autem vel laudantium rem voluptatem aut. Vel nihil sit inventore debitis non perspiciatis sapiente. Autem velit corporis est dolorem. Reiciendis eos est voluptatibus ut et dolores voluptatem et. Vero harum commodi corrupti.', 1, 42, '2017-10-06 17:02:52', '2017-10-06 17:02:52'),
(14, 'Ut quo laboriosam.', 'Ea reiciendis et velit. Quis consequatur cum qui voluptatem debitis amet iure. Est adipisci soluta ut sit omnis voluptatem enim libero.', 1, 29, '2017-10-06 17:02:52', '2017-10-06 17:02:52'),
(15, 'Molestiae excepturi in.', 'Voluptatem voluptas eveniet repellendus maxime culpa. Tenetur illo animi quis recusandae. Alias aut et iste animi. Consectetur ullam id itaque. Tenetur deleniti sapiente earum et voluptas et consequatur tenetur.', 1, 48, '2017-10-06 17:02:52', '2017-10-06 17:02:52'),
(16, 'Consequatur sequi qui aliquid.', 'Id quisquam facilis qui ipsa placeat a quod veritatis. Amet nihil rerum in quo. Quam corrupti adipisci fugiat ex rem. Et inventore doloremque ducimus voluptatem nam omnis. Eum ut consequatur doloremque eius.', 1, 28, '2017-10-06 17:02:52', '2017-10-06 17:02:52'),
(17, 'Magnam atque nulla.', 'Neque quo sed voluptas dolores. Numquam corporis harum maiores repudiandae impedit ullam rem non. Aperiam cumque doloribus deleniti reiciendis velit. Explicabo nisi est expedita.', 4, 6, '2017-10-06 17:02:52', '2017-10-06 17:02:52'),
(18, 'Quo ut quaerat reiciendis.', 'Necessitatibus qui laboriosam quia eum expedita facere molestiae alias. Enim debitis voluptatem et natus quia. Consequuntur exercitationem recusandae velit dicta aliquid ab illo. Omnis fugit doloremque itaque esse enim dolor sunt odit. Voluptate harum qui', 2, 3, '2017-10-06 17:02:52', '2017-10-06 17:02:52'),
(19, 'Voluptas quia consectetur quia tempora.', 'Alias magni accusamus laudantium quia omnis sed. Aut aut saepe sit dolores recusandae omnis quia. Molestiae asperiores sit sit a aut. Voluptatem porro reprehenderit ipsa corrupti excepturi nihil architecto consectetur. Qui omnis voluptate excepturi saepe ', 2, 20, '2017-10-06 17:02:52', '2017-10-06 17:02:52'),
(20, 'Deserunt voluptas dolores qui quia sapiente.', 'Non dolorem aperiam ut repellat. Sed quod ipsam ipsum sed praesentium delectus animi. Voluptatem necessitatibus eos dolore est. Sint rerum eius autem.', 4, 8, '2017-10-06 17:02:52', '2017-10-06 17:02:52'),
(21, 'Vero sed quas qui non.', 'Quia in est voluptatum veniam rerum occaecati atque. Et quia ea eaque minima veritatis laborum similique. Ut numquam quo suscipit quidem quasi.', 3, 32, '2017-10-06 17:02:52', '2017-10-06 17:02:52'),
(22, 'Vero esse eos ut dolor magni.', 'Ipsa maiores sed magni qui. Quam quia suscipit consequatur officia pariatur ut consectetur. Voluptatem sit error animi iure. Repellat odit ratione quia ut. Atque ipsa molestias voluptates. Harum aut accusantium non et.', 2, 19, '2017-10-06 17:02:52', '2017-10-06 17:02:52'),
(23, 'Modi temporibus quae reprehenderit ad omnis.', 'Quisquam voluptates voluptas voluptas velit porro. Molestias minima eveniet voluptas distinctio ipsa. Eveniet itaque amet dolores consectetur est eos quo. Et enim optio harum nostrum veritatis optio. Aut temporibus porro labore.', 4, 21, '2017-10-06 17:02:52', '2017-10-06 17:02:52'),
(24, 'Nihil sapiente aut et molestiae.', 'Sit voluptatibus minus voluptates enim debitis qui architecto. Non dignissimos natus optio quisquam. Sunt eum aperiam veritatis nisi. Rerum omnis consectetur nisi corporis dolorem similique.', 4, 34, '2017-10-06 17:02:52', '2017-10-06 17:02:52'),
(25, 'Et similique enim.', 'Enim quo hic voluptatem. Dolores est suscipit consequuntur deleniti voluptas sint vero. Aliquid animi autem ut quas distinctio. Sed earum voluptatum et quisquam ea nisi. Dolorem voluptatibus in architecto et sit quidem. Praesentium non sunt cumque veniam ', 3, 33, '2017-10-06 17:02:52', '2017-10-06 17:02:52'),
(26, 'Amet vel quisquam tenetur nisi.', 'Libero voluptatem incidunt est rerum ipsam. In molestiae maxime at. Commodi ipsa iste nisi delectus in ab voluptas est. Eum quis qui aperiam ipsum. Est alias cupiditate nihil et atque quos.', 2, 23, '2017-10-06 17:02:52', '2017-10-06 17:02:52'),
(27, 'Aliquam fuga tempore consequatur.', 'Dolorem corrupti quia alias saepe itaque fugit tempore voluptatem. Animi corrupti ea qui ex. Qui nam culpa beatae id rem fuga provident. Aut deleniti illo impedit et dolor laudantium. Consectetur provident pariatur sunt dolores harum dolorum eum. Ut est p', 3, 22, '2017-10-06 17:02:52', '2017-10-06 17:02:52'),
(28, 'Sequi illo nesciunt unde.', 'Et est voluptatem dolor accusamus. Sit rerum explicabo molestias ut aperiam eius error. Accusamus quo non tenetur.', 4, 3, '2017-10-06 17:02:52', '2017-10-06 17:02:52'),
(29, 'Totam et sit odit.', 'Quo voluptas voluptatem qui fuga quibusdam non voluptatum ratione. Omnis quia qui eos in. Similique perspiciatis qui mollitia consequuntur doloremque. Sunt sint mollitia eos illum dolorem iusto distinctio.', 3, 6, '2017-10-06 17:02:52', '2017-10-06 17:02:52'),
(30, 'Et aut nulla in sapiente sit.', 'Doloremque animi aut rerum temporibus cumque. Libero quidem sequi nesciunt cum. Nostrum laudantium reiciendis repellendus architecto voluptatem quidem ut. Dolore est qui aut fugit dolor.', 3, 10, '2017-10-06 17:02:52', '2017-10-06 17:02:52'),
(31, 'Deleniti distinctio quam temporibus autem.', 'Et qui cumque possimus recusandae dolorem non enim omnis. Aliquam non natus quas dolor sed minima. Quidem aliquam ab rerum voluptatem. Sunt magnam placeat deserunt odit. Provident veniam id voluptates delectus unde. Sed labore rem repudiandae illum repell', 1, 45, '2017-10-06 17:02:52', '2017-10-06 17:02:52'),
(32, 'Eum sint fugiat.', 'Accusamus vel ut perspiciatis aspernatur beatae. Harum ipsum molestiae aut exercitationem. Aspernatur tempore quam quas officiis. Sed id fuga nihil voluptatem. Adipisci velit suscipit quia corrupti non sint.', 4, 15, '2017-10-06 17:02:52', '2017-10-06 17:02:52'),
(33, 'Assumenda libero ab omnis soluta tenetur.', 'Ut suscipit aspernatur aperiam eum. Sint sequi at enim sunt quis sequi. Non explicabo et odit modi est earum quia. Eligendi ut et dolor fugiat harum natus dolorem. Repudiandae quis voluptate quasi beatae odit et non.', 4, 47, '2017-10-06 17:02:52', '2017-10-06 17:02:52'),
(34, 'Molestiae sint nostrum est.', 'Voluptatum quo quasi dolore numquam et. Est eos est doloremque et. In commodi in est nihil ab natus repellat. Impedit quidem nobis et ipsa quia. Corrupti quibusdam quo amet nam sit vero.', 4, 30, '2017-10-06 17:02:52', '2017-10-06 17:02:52'),
(35, 'Architecto laboriosam rerum eveniet.', 'Ex est molestiae voluptatem dicta ratione ut. Voluptas corporis vero porro velit. Ratione cum consequatur quibusdam architecto molestiae inventore. Aperiam distinctio et aut sint. Quo dolor aperiam blanditiis totam vel sapiente atque. Sit ut vitae adipisc', 3, 17, '2017-10-06 17:02:52', '2017-10-06 17:02:52'),
(36, 'Ullam a quo nihil.', 'Quaerat doloremque iure expedita voluptates. Facere deleniti eos et laborum dolore. Aut porro et nostrum porro eum. Corrupti neque quisquam aliquid nihil aperiam quod. Culpa et aut quo quia nemo est vel. Dolores non aut minima dolores autem occaecati quae', 1, 43, '2017-10-06 17:02:52', '2017-10-06 17:02:52'),
(37, 'Doloribus dolorum voluptatum rerum id non.', 'Cumque ducimus quidem eius. Sit hic delectus labore rerum ut animi. Molestiae voluptatem non non velit pariatur nam.', 3, 1, '2017-10-06 17:02:52', '2017-10-06 17:02:52'),
(38, 'Voluptas aut consequatur adipisci.', 'Veniam provident magni dolor. Minus dolor fugit aliquid et quasi. Velit minima officia culpa et.', 3, 37, '2017-10-06 17:02:52', '2017-10-06 17:02:52'),
(39, 'Voluptatem earum quasi sed.', 'Est recusandae rerum harum illo assumenda. Voluptates omnis omnis occaecati distinctio nemo velit quaerat odio. Itaque expedita repellendus exercitationem.', 3, 21, '2017-10-06 17:02:52', '2017-10-06 17:02:52'),
(40, 'Iste nostrum quo.', 'Aliquid inventore aspernatur accusantium minus dolorem pariatur aspernatur. Qui dolor dolor similique molestiae et. Provident ut sequi aut asperiores sequi. Sunt minus ut qui incidunt nulla ex autem neque. Ipsum nihil dignissimos ad et accusantium. Recusa', 3, 43, '2017-10-06 17:02:52', '2017-10-06 17:02:52');

-- --------------------------------------------------------

--
-- Table structure for table `course_student`
--

DROP TABLE IF EXISTS `course_student`;
CREATE TABLE IF NOT EXISTS `course_student` (
  `id` int(10) UNSIGNED NOT NULL AUTO_INCREMENT,
  `course_id` int(10) UNSIGNED NOT NULL,
  `student_id` int(10) UNSIGNED NOT NULL,
  PRIMARY KEY (`id`),
  KEY `course_student_course_id_foreign` (`course_id`),
  KEY `course_student_student_id_foreign` (`student_id`)
) ENGINE=MyISAM AUTO_INCREMENT=1601 DEFAULT CHARSET=utf8 COLLATE=utf8_unicode_ci;

--
-- Dumping data for table `course_student`
--

INSERT INTO `course_student` (`id`, `course_id`, `student_id`) VALUES
(1, 1, 15),
(2, 1, 20),
(3, 1, 27),
(4, 1, 57),
(5, 1, 77),
(6, 1, 99),
(7, 1, 114),
(8, 1, 138),
(9, 1, 152),
(10, 1, 174),
(11, 1, 182),
(12, 1, 184),
(13, 1, 208),
(14, 1, 223),
(15, 1, 233),
(16, 1, 238),
(17, 1, 253),
(18, 1, 257),
(19, 1, 266),
(20, 1, 275),
(21, 1, 294),
(22, 1, 302),
(23, 1, 309),
(24, 1, 316),
(25, 1, 322),
(26, 1, 333),
(27, 1, 346),
(28, 1, 347),
(29, 1, 373),
(30, 1, 381),
(31, 1, 396),
(32, 1, 405),
(33, 1, 418),
(34, 1, 426),
(35, 1, 435),
(36, 1, 437),
(37, 1, 455),
(38, 1, 471),
(39, 1, 481),
(40, 1, 498),
(41, 2, 4),
(42, 2, 10),
(43, 2, 30),
(44, 2, 35),
(45, 2, 46),
(46, 2, 66),
(47, 2, 68),
(48, 2, 69),
(49, 2, 73),
(50, 2, 77),
(51, 2, 102),
(52, 2, 113),
(53, 2, 141),
(54, 2, 152),
(55, 2, 159),
(56, 2, 163),
(57, 2, 206),
(58, 2, 209),
(59, 2, 212),
(60, 2, 263),
(61, 2, 265),
(62, 2, 296),
(63, 2, 314),
(64, 2, 322),
(65, 2, 336),
(66, 2, 365),
(67, 2, 371),
(68, 2, 372),
(69, 2, 383),
(70, 2, 406),
(71, 2, 414),
(72, 2, 423),
(73, 2, 428),
(74, 2, 434),
(75, 2, 439),
(76, 2, 450),
(77, 2, 451),
(78, 2, 489),
(79, 2, 496),
(80, 2, 498),
(81, 3, 12),
(82, 3, 37),
(83, 3, 42),
(84, 3, 70),
(85, 3, 137),
(86, 3, 140),
(87, 3, 177),
(88, 3, 178),
(89, 3, 183),
(90, 3, 186),
(91, 3, 196),
(92, 3, 208),
(93, 3, 209),
(94, 3, 228),
(95, 3, 241),
(96, 3, 282),
(97, 3, 292),
(98, 3, 296),
(99, 3, 297),
(100, 3, 300),
(101, 3, 305),
(102, 3, 314),
(103, 3, 322),
(104, 3, 338),
(105, 3, 342),
(106, 3, 353),
(107, 3, 356),
(108, 3, 362),
(109, 3, 373),
(110, 3, 380),
(111, 3, 385),
(112, 3, 391),
(113, 3, 410),
(114, 3, 426),
(115, 3, 433),
(116, 3, 443),
(117, 3, 446),
(118, 3, 461),
(119, 3, 487),
(120, 3, 495),
(121, 4, 1),
(122, 4, 25),
(123, 4, 29),
(124, 4, 38),
(125, 4, 52),
(126, 4, 54),
(127, 4, 129),
(128, 4, 134),
(129, 4, 156),
(130, 4, 162),
(131, 4, 164),
(132, 4, 169),
(133, 4, 186),
(134, 4, 187),
(135, 4, 205),
(136, 4, 211),
(137, 4, 233),
(138, 4, 239),
(139, 4, 241),
(140, 4, 243),
(141, 4, 254),
(142, 4, 270),
(143, 4, 279),
(144, 4, 304),
(145, 4, 317),
(146, 4, 319),
(147, 4, 324),
(148, 4, 336),
(149, 4, 337),
(150, 4, 343),
(151, 4, 345),
(152, 4, 378),
(153, 4, 392),
(154, 4, 405),
(155, 4, 433),
(156, 4, 440),
(157, 4, 442),
(158, 4, 447),
(159, 4, 454),
(160, 4, 482),
(161, 5, 13),
(162, 5, 39),
(163, 5, 42),
(164, 5, 48),
(165, 5, 66),
(166, 5, 95),
(167, 5, 127),
(168, 5, 129),
(169, 5, 131),
(170, 5, 144),
(171, 5, 145),
(172, 5, 153),
(173, 5, 159),
(174, 5, 166),
(175, 5, 168),
(176, 5, 178),
(177, 5, 193),
(178, 5, 235),
(179, 5, 255),
(180, 5, 256),
(181, 5, 274),
(182, 5, 280),
(183, 5, 294),
(184, 5, 295),
(185, 5, 304),
(186, 5, 311),
(187, 5, 329),
(188, 5, 356),
(189, 5, 382),
(190, 5, 392),
(191, 5, 399),
(192, 5, 405),
(193, 5, 409),
(194, 5, 419),
(195, 5, 437),
(196, 5, 459),
(197, 5, 460),
(198, 5, 478),
(199, 5, 489),
(200, 5, 498),
(201, 6, 2),
(202, 6, 29),
(203, 6, 35),
(204, 6, 44),
(205, 6, 45),
(206, 6, 58),
(207, 6, 66),
(208, 6, 71),
(209, 6, 77),
(210, 6, 85),
(211, 6, 99),
(212, 6, 103),
(213, 6, 108),
(214, 6, 117),
(215, 6, 127),
(216, 6, 130),
(217, 6, 147),
(218, 6, 166),
(219, 6, 169),
(220, 6, 185),
(221, 6, 204),
(222, 6, 277),
(223, 6, 295),
(224, 6, 300),
(225, 6, 314),
(226, 6, 317),
(227, 6, 320),
(228, 6, 363),
(229, 6, 375),
(230, 6, 410),
(231, 6, 411),
(232, 6, 419),
(233, 6, 422),
(234, 6, 432),
(235, 6, 444),
(236, 6, 458),
(237, 6, 467),
(238, 6, 474),
(239, 6, 495),
(240, 6, 498),
(241, 7, 6),
(242, 7, 13),
(243, 7, 29),
(244, 7, 38),
(245, 7, 56),
(246, 7, 69),
(247, 7, 74),
(248, 7, 88),
(249, 7, 93),
(250, 7, 103),
(251, 7, 106),
(252, 7, 115),
(253, 7, 131),
(254, 7, 136),
(255, 7, 154),
(256, 7, 171),
(257, 7, 185),
(258, 7, 214),
(259, 7, 231),
(260, 7, 238),
(261, 7, 244),
(262, 7, 249),
(263, 7, 278),
(264, 7, 301),
(265, 7, 325),
(266, 7, 327),
(267, 7, 358),
(268, 7, 362),
(269, 7, 375),
(270, 7, 377),
(271, 7, 381),
(272, 7, 390),
(273, 7, 415),
(274, 7, 422),
(275, 7, 428),
(276, 7, 433),
(277, 7, 434),
(278, 7, 454),
(279, 7, 465),
(280, 7, 498),
(281, 8, 20),
(282, 8, 26),
(283, 8, 39),
(284, 8, 42),
(285, 8, 43),
(286, 8, 48),
(287, 8, 56),
(288, 8, 81),
(289, 8, 87),
(290, 8, 95),
(291, 8, 105),
(292, 8, 108),
(293, 8, 141),
(294, 8, 143),
(295, 8, 151),
(296, 8, 164),
(297, 8, 183),
(298, 8, 186),
(299, 8, 194),
(300, 8, 211),
(301, 8, 247),
(302, 8, 260),
(303, 8, 273),
(304, 8, 279),
(305, 8, 288),
(306, 8, 299),
(307, 8, 309),
(308, 8, 323),
(309, 8, 334),
(310, 8, 343),
(311, 8, 351),
(312, 8, 371),
(313, 8, 417),
(314, 8, 421),
(315, 8, 431),
(316, 8, 441),
(317, 8, 457),
(318, 8, 482),
(319, 8, 489),
(320, 8, 491),
(321, 9, 0),
(322, 9, 12),
(323, 9, 49),
(324, 9, 77),
(325, 9, 83),
(326, 9, 87),
(327, 9, 95),
(328, 9, 114),
(329, 9, 136),
(330, 9, 142),
(331, 9, 156),
(332, 9, 164),
(333, 9, 168),
(334, 9, 171),
(335, 9, 175),
(336, 9, 179),
(337, 9, 180),
(338, 9, 197),
(339, 9, 204),
(340, 9, 246),
(341, 9, 249),
(342, 9, 263),
(343, 9, 282),
(344, 9, 284),
(345, 9, 309),
(346, 9, 319),
(347, 9, 334),
(348, 9, 344),
(349, 9, 373),
(350, 9, 386),
(351, 9, 388),
(352, 9, 393),
(353, 9, 420),
(354, 9, 432),
(355, 9, 433),
(356, 9, 465),
(357, 9, 468),
(358, 9, 475),
(359, 9, 480),
(360, 9, 486),
(361, 10, 5),
(362, 10, 10),
(363, 10, 17),
(364, 10, 33),
(365, 10, 45),
(366, 10, 48),
(367, 10, 67),
(368, 10, 96),
(369, 10, 114),
(370, 10, 116),
(371, 10, 134),
(372, 10, 141),
(373, 10, 163),
(374, 10, 188),
(375, 10, 191),
(376, 10, 193),
(377, 10, 205),
(378, 10, 223),
(379, 10, 235),
(380, 10, 257),
(381, 10, 270),
(382, 10, 281),
(383, 10, 283),
(384, 10, 300),
(385, 10, 332),
(386, 10, 338),
(387, 10, 339),
(388, 10, 347),
(389, 10, 361),
(390, 10, 365),
(391, 10, 391),
(392, 10, 393),
(393, 10, 398),
(394, 10, 412),
(395, 10, 415),
(396, 10, 446),
(397, 10, 447),
(398, 10, 452),
(399, 10, 453),
(400, 10, 461),
(401, 11, 3),
(402, 11, 6),
(403, 11, 25),
(404, 11, 44),
(405, 11, 59),
(406, 11, 78),
(407, 11, 97),
(408, 11, 116),
(409, 11, 123),
(410, 11, 136),
(411, 11, 143),
(412, 11, 145),
(413, 11, 160),
(414, 11, 164),
(415, 11, 202),
(416, 11, 205),
(417, 11, 209),
(418, 11, 217),
(419, 11, 231),
(420, 11, 238),
(421, 11, 267),
(422, 11, 271),
(423, 11, 310),
(424, 11, 366),
(425, 11, 380),
(426, 11, 382),
(427, 11, 383),
(428, 11, 392),
(429, 11, 400),
(430, 11, 416),
(431, 11, 418),
(432, 11, 427),
(433, 11, 432),
(434, 11, 439),
(435, 11, 443),
(436, 11, 458),
(437, 11, 461),
(438, 11, 468),
(439, 11, 471),
(440, 11, 492),
(441, 12, 7),
(442, 12, 25),
(443, 12, 27),
(444, 12, 34),
(445, 12, 71),
(446, 12, 87),
(447, 12, 91),
(448, 12, 94),
(449, 12, 96),
(450, 12, 109),
(451, 12, 115),
(452, 12, 124),
(453, 12, 132),
(454, 12, 145),
(455, 12, 149),
(456, 12, 173),
(457, 12, 189),
(458, 12, 198),
(459, 12, 201),
(460, 12, 215),
(461, 12, 237),
(462, 12, 247),
(463, 12, 254),
(464, 12, 256),
(465, 12, 262),
(466, 12, 264),
(467, 12, 269),
(468, 12, 286),
(469, 12, 293),
(470, 12, 294),
(471, 12, 312),
(472, 12, 319),
(473, 12, 370),
(474, 12, 385),
(475, 12, 404),
(476, 12, 411),
(477, 12, 418),
(478, 12, 437),
(479, 12, 460),
(480, 12, 481),
(481, 13, 15),
(482, 13, 16),
(483, 13, 27),
(484, 13, 39),
(485, 13, 50),
(486, 13, 52),
(487, 13, 53),
(488, 13, 58),
(489, 13, 80),
(490, 13, 82),
(491, 13, 120),
(492, 13, 121),
(493, 13, 124),
(494, 13, 129),
(495, 13, 147),
(496, 13, 155),
(497, 13, 167),
(498, 13, 197),
(499, 13, 208),
(500, 13, 215),
(501, 13, 236),
(502, 13, 259),
(503, 13, 278),
(504, 13, 282),
(505, 13, 312),
(506, 13, 341),
(507, 13, 342),
(508, 13, 349),
(509, 13, 365),
(510, 13, 391),
(511, 13, 415),
(512, 13, 432),
(513, 13, 446),
(514, 13, 450),
(515, 13, 457),
(516, 13, 465),
(517, 13, 478),
(518, 13, 479),
(519, 13, 481),
(520, 13, 488),
(521, 14, 7),
(522, 14, 10),
(523, 14, 38),
(524, 14, 44),
(525, 14, 55),
(526, 14, 113),
(527, 14, 126),
(528, 14, 150),
(529, 14, 151),
(530, 14, 176),
(531, 14, 199),
(532, 14, 216),
(533, 14, 217),
(534, 14, 250),
(535, 14, 258),
(536, 14, 264),
(537, 14, 274),
(538, 14, 275),
(539, 14, 287),
(540, 14, 305),
(541, 14, 315),
(542, 14, 325),
(543, 14, 327),
(544, 14, 331),
(545, 14, 336),
(546, 14, 341),
(547, 14, 347),
(548, 14, 348),
(549, 14, 365),
(550, 14, 384),
(551, 14, 388),
(552, 14, 390),
(553, 14, 399),
(554, 14, 401),
(555, 14, 422),
(556, 14, 424),
(557, 14, 434),
(558, 14, 484),
(559, 14, 490),
(560, 14, 498),
(561, 15, 7),
(562, 15, 20),
(563, 15, 25),
(564, 15, 41),
(565, 15, 44),
(566, 15, 63),
(567, 15, 74),
(568, 15, 82),
(569, 15, 84),
(570, 15, 97),
(571, 15, 112),
(572, 15, 131),
(573, 15, 135),
(574, 15, 146),
(575, 15, 147),
(576, 15, 167),
(577, 15, 171),
(578, 15, 173),
(579, 15, 185),
(580, 15, 212),
(581, 15, 234),
(582, 15, 253),
(583, 15, 261),
(584, 15, 270),
(585, 15, 286),
(586, 15, 297),
(587, 15, 368),
(588, 15, 375),
(589, 15, 377),
(590, 15, 390),
(591, 15, 394),
(592, 15, 405),
(593, 15, 414),
(594, 15, 426),
(595, 15, 433),
(596, 15, 436),
(597, 15, 443),
(598, 15, 447),
(599, 15, 483),
(600, 15, 490),
(601, 16, 2),
(602, 16, 14),
(603, 16, 33),
(604, 16, 38),
(605, 16, 40),
(606, 16, 64),
(607, 16, 74),
(608, 16, 81),
(609, 16, 84),
(610, 16, 89),
(611, 16, 116),
(612, 16, 133),
(613, 16, 148),
(614, 16, 163),
(615, 16, 181),
(616, 16, 182),
(617, 16, 187),
(618, 16, 189),
(619, 16, 213),
(620, 16, 214),
(621, 16, 221),
(622, 16, 226),
(623, 16, 233),
(624, 16, 237),
(625, 16, 240),
(626, 16, 265),
(627, 16, 286),
(628, 16, 295),
(629, 16, 303),
(630, 16, 319),
(631, 16, 351),
(632, 16, 378),
(633, 16, 386),
(634, 16, 422),
(635, 16, 428),
(636, 16, 437),
(637, 16, 450),
(638, 16, 472),
(639, 16, 477),
(640, 16, 499),
(641, 17, 21),
(642, 17, 34),
(643, 17, 40),
(644, 17, 46),
(645, 17, 65),
(646, 17, 69),
(647, 17, 73),
(648, 17, 77),
(649, 17, 95),
(650, 17, 114),
(651, 17, 118),
(652, 17, 129),
(653, 17, 132),
(654, 17, 158),
(655, 17, 163),
(656, 17, 173),
(657, 17, 204),
(658, 17, 210),
(659, 17, 241),
(660, 17, 245),
(661, 17, 255),
(662, 17, 265),
(663, 17, 277),
(664, 17, 301),
(665, 17, 302),
(666, 17, 309),
(667, 17, 337),
(668, 17, 348),
(669, 17, 351),
(670, 17, 357),
(671, 17, 365),
(672, 17, 376),
(673, 17, 388),
(674, 17, 401),
(675, 17, 404),
(676, 17, 406),
(677, 17, 438),
(678, 17, 458),
(679, 17, 479),
(680, 17, 498),
(681, 18, 23),
(682, 18, 59),
(683, 18, 68),
(684, 18, 70),
(685, 18, 78),
(686, 18, 79),
(687, 18, 102),
(688, 18, 103),
(689, 18, 104),
(690, 18, 106),
(691, 18, 110),
(692, 18, 124),
(693, 18, 126),
(694, 18, 128),
(695, 18, 129),
(696, 18, 142),
(697, 18, 146),
(698, 18, 181),
(699, 18, 182),
(700, 18, 199),
(701, 18, 203),
(702, 18, 206),
(703, 18, 222),
(704, 18, 256),
(705, 18, 275),
(706, 18, 306),
(707, 18, 313),
(708, 18, 336),
(709, 18, 337),
(710, 18, 350),
(711, 18, 361),
(712, 18, 391),
(713, 18, 431),
(714, 18, 439),
(715, 18, 441),
(716, 18, 452),
(717, 18, 458),
(718, 18, 464),
(719, 18, 479),
(720, 18, 484),
(721, 19, 19),
(722, 19, 21),
(723, 19, 22),
(724, 19, 28),
(725, 19, 30),
(726, 19, 36),
(727, 19, 51),
(728, 19, 52),
(729, 19, 80),
(730, 19, 85),
(731, 19, 111),
(732, 19, 118),
(733, 19, 137),
(734, 19, 156),
(735, 19, 161),
(736, 19, 184),
(737, 19, 186),
(738, 19, 206),
(739, 19, 229),
(740, 19, 235),
(741, 19, 268),
(742, 19, 274),
(743, 19, 282),
(744, 19, 284),
(745, 19, 297),
(746, 19, 301),
(747, 19, 302),
(748, 19, 312),
(749, 19, 314),
(750, 19, 315),
(751, 19, 316),
(752, 19, 335),
(753, 19, 363),
(754, 19, 385),
(755, 19, 445),
(756, 19, 463),
(757, 19, 464),
(758, 19, 465),
(759, 19, 466),
(760, 19, 492),
(761, 20, 0),
(762, 20, 12),
(763, 20, 16),
(764, 20, 19),
(765, 20, 23),
(766, 20, 25),
(767, 20, 55),
(768, 20, 66),
(769, 20, 76),
(770, 20, 91),
(771, 20, 110),
(772, 20, 141),
(773, 20, 145),
(774, 20, 149),
(775, 20, 151),
(776, 20, 162),
(777, 20, 173),
(778, 20, 185),
(779, 20, 214),
(780, 20, 233),
(781, 20, 236),
(782, 20, 239),
(783, 20, 265),
(784, 20, 303),
(785, 20, 310),
(786, 20, 326),
(787, 20, 329),
(788, 20, 347),
(789, 20, 373),
(790, 20, 375),
(791, 20, 402),
(792, 20, 420),
(793, 20, 428),
(794, 20, 431),
(795, 20, 434),
(796, 20, 437),
(797, 20, 455),
(798, 20, 480),
(799, 20, 492),
(800, 20, 497),
(801, 21, 6),
(802, 21, 21),
(803, 21, 37),
(804, 21, 40),
(805, 21, 44),
(806, 21, 60),
(807, 21, 81),
(808, 21, 84),
(809, 21, 97),
(810, 21, 110),
(811, 21, 118),
(812, 21, 120),
(813, 21, 128),
(814, 21, 141),
(815, 21, 149),
(816, 21, 160),
(817, 21, 184),
(818, 21, 188),
(819, 21, 192),
(820, 21, 209),
(821, 21, 247),
(822, 21, 252),
(823, 21, 253),
(824, 21, 267),
(825, 21, 337),
(826, 21, 357),
(827, 21, 365),
(828, 21, 375),
(829, 21, 385),
(830, 21, 427),
(831, 21, 437),
(832, 21, 442),
(833, 21, 445),
(834, 21, 446),
(835, 21, 463),
(836, 21, 466),
(837, 21, 469),
(838, 21, 484),
(839, 21, 496),
(840, 21, 498),
(841, 22, 11),
(842, 22, 31),
(843, 22, 55),
(844, 22, 60),
(845, 22, 78),
(846, 22, 80),
(847, 22, 82),
(848, 22, 84),
(849, 22, 98),
(850, 22, 109),
(851, 22, 112),
(852, 22, 113),
(853, 22, 114),
(854, 22, 118),
(855, 22, 120),
(856, 22, 125),
(857, 22, 133),
(858, 22, 134),
(859, 22, 135),
(860, 22, 136),
(861, 22, 147),
(862, 22, 157),
(863, 22, 169),
(864, 22, 192),
(865, 22, 219),
(866, 22, 241),
(867, 22, 285),
(868, 22, 355),
(869, 22, 357),
(870, 22, 358),
(871, 22, 367),
(872, 22, 372),
(873, 22, 381),
(874, 22, 392),
(875, 22, 415),
(876, 22, 439),
(877, 22, 455),
(878, 22, 469),
(879, 22, 480),
(880, 22, 496),
(881, 23, 3),
(882, 23, 4),
(883, 23, 15),
(884, 23, 36),
(885, 23, 49),
(886, 23, 51),
(887, 23, 79),
(888, 23, 81),
(889, 23, 108),
(890, 23, 137),
(891, 23, 156),
(892, 23, 187),
(893, 23, 192),
(894, 23, 198),
(895, 23, 218),
(896, 23, 220),
(897, 23, 221),
(898, 23, 222),
(899, 23, 255),
(900, 23, 256),
(901, 23, 258),
(902, 23, 270),
(903, 23, 276),
(904, 23, 285),
(905, 23, 291),
(906, 23, 294),
(907, 23, 299),
(908, 23, 309),
(909, 23, 316),
(910, 23, 338),
(911, 23, 357),
(912, 23, 368),
(913, 23, 407),
(914, 23, 431),
(915, 23, 433),
(916, 23, 450),
(917, 23, 458),
(918, 23, 459),
(919, 23, 474),
(920, 23, 488),
(921, 24, 9),
(922, 24, 11),
(923, 24, 19),
(924, 24, 30),
(925, 24, 38),
(926, 24, 46),
(927, 24, 54),
(928, 24, 66),
(929, 24, 68),
(930, 24, 72),
(931, 24, 78),
(932, 24, 82),
(933, 24, 85),
(934, 24, 101),
(935, 24, 115),
(936, 24, 120),
(937, 24, 123),
(938, 24, 143),
(939, 24, 157),
(940, 24, 163),
(941, 24, 176),
(942, 24, 182),
(943, 24, 188),
(944, 24, 193),
(945, 24, 195),
(946, 24, 236),
(947, 24, 254),
(948, 24, 271),
(949, 24, 280),
(950, 24, 320),
(951, 24, 367),
(952, 24, 371),
(953, 24, 379),
(954, 24, 380),
(955, 24, 390),
(956, 24, 434),
(957, 24, 462),
(958, 24, 463),
(959, 24, 486),
(960, 24, 491),
(961, 25, 12),
(962, 25, 22),
(963, 25, 40),
(964, 25, 44),
(965, 25, 51),
(966, 25, 55),
(967, 25, 57),
(968, 25, 72),
(969, 25, 74),
(970, 25, 88),
(971, 25, 118),
(972, 25, 152),
(973, 25, 153),
(974, 25, 163),
(975, 25, 168),
(976, 25, 194),
(977, 25, 199),
(978, 25, 224),
(979, 25, 235),
(980, 25, 259),
(981, 25, 260),
(982, 25, 267),
(983, 25, 273),
(984, 25, 289),
(985, 25, 303),
(986, 25, 335),
(987, 25, 341),
(988, 25, 379),
(989, 25, 389),
(990, 25, 401),
(991, 25, 404),
(992, 25, 409),
(993, 25, 410),
(994, 25, 411),
(995, 25, 413),
(996, 25, 421),
(997, 25, 439),
(998, 25, 447),
(999, 25, 469),
(1000, 25, 473),
(1001, 26, 9),
(1002, 26, 10),
(1003, 26, 13),
(1004, 26, 22),
(1005, 26, 49),
(1006, 26, 58),
(1007, 26, 65),
(1008, 26, 74),
(1009, 26, 106),
(1010, 26, 118),
(1011, 26, 139),
(1012, 26, 194),
(1013, 26, 215),
(1014, 26, 231),
(1015, 26, 233),
(1016, 26, 245),
(1017, 26, 253),
(1018, 26, 263),
(1019, 26, 265),
(1020, 26, 267),
(1021, 26, 272),
(1022, 26, 277),
(1023, 26, 307),
(1024, 26, 323),
(1025, 26, 330),
(1026, 26, 335),
(1027, 26, 339),
(1028, 26, 358),
(1029, 26, 370),
(1030, 26, 390),
(1031, 26, 392),
(1032, 26, 396),
(1033, 26, 400),
(1034, 26, 411),
(1035, 26, 423),
(1036, 26, 430),
(1037, 26, 455),
(1038, 26, 467),
(1039, 26, 475),
(1040, 26, 483),
(1041, 27, 1),
(1042, 27, 33),
(1043, 27, 66),
(1044, 27, 70),
(1045, 27, 82),
(1046, 27, 87),
(1047, 27, 100),
(1048, 27, 108),
(1049, 27, 128),
(1050, 27, 133),
(1051, 27, 138),
(1052, 27, 152),
(1053, 27, 155),
(1054, 27, 156),
(1055, 27, 163),
(1056, 27, 185),
(1057, 27, 187),
(1058, 27, 192),
(1059, 27, 207),
(1060, 27, 210),
(1061, 27, 221),
(1062, 27, 223),
(1063, 27, 232),
(1064, 27, 249),
(1065, 27, 262),
(1066, 27, 271),
(1067, 27, 277),
(1068, 27, 298),
(1069, 27, 304),
(1070, 27, 308),
(1071, 27, 317),
(1072, 27, 336),
(1073, 27, 341),
(1074, 27, 357),
(1075, 27, 360),
(1076, 27, 418),
(1077, 27, 441),
(1078, 27, 463),
(1079, 27, 467),
(1080, 27, 470),
(1081, 28, 33),
(1082, 28, 42),
(1083, 28, 49),
(1084, 28, 59),
(1085, 28, 63),
(1086, 28, 90),
(1087, 28, 114),
(1088, 28, 122),
(1089, 28, 143),
(1090, 28, 152),
(1091, 28, 163),
(1092, 28, 164),
(1093, 28, 175),
(1094, 28, 194),
(1095, 28, 200),
(1096, 28, 208),
(1097, 28, 214),
(1098, 28, 229),
(1099, 28, 236),
(1100, 28, 237),
(1101, 28, 262),
(1102, 28, 274),
(1103, 28, 299),
(1104, 28, 310),
(1105, 28, 337),
(1106, 28, 348),
(1107, 28, 354),
(1108, 28, 359),
(1109, 28, 375),
(1110, 28, 376),
(1111, 28, 382),
(1112, 28, 396),
(1113, 28, 415),
(1114, 28, 425),
(1115, 28, 427),
(1116, 28, 428),
(1117, 28, 447),
(1118, 28, 462),
(1119, 28, 474),
(1120, 28, 498),
(1121, 29, 1),
(1122, 29, 15),
(1123, 29, 24),
(1124, 29, 33),
(1125, 29, 36),
(1126, 29, 41),
(1127, 29, 56),
(1128, 29, 59),
(1129, 29, 94),
(1130, 29, 111),
(1131, 29, 124),
(1132, 29, 136),
(1133, 29, 138),
(1134, 29, 146),
(1135, 29, 189),
(1136, 29, 191),
(1137, 29, 197),
(1138, 29, 199),
(1139, 29, 217),
(1140, 29, 221),
(1141, 29, 233),
(1142, 29, 244),
(1143, 29, 259),
(1144, 29, 270),
(1145, 29, 318),
(1146, 29, 325),
(1147, 29, 335),
(1148, 29, 344),
(1149, 29, 351),
(1150, 29, 358),
(1151, 29, 360),
(1152, 29, 407),
(1153, 29, 414),
(1154, 29, 415),
(1155, 29, 427),
(1156, 29, 437),
(1157, 29, 442),
(1158, 29, 445),
(1159, 29, 486),
(1160, 29, 498),
(1161, 30, 69),
(1162, 30, 72),
(1163, 30, 94),
(1164, 30, 98),
(1165, 30, 113),
(1166, 30, 114),
(1167, 30, 120),
(1168, 30, 127),
(1169, 30, 141),
(1170, 30, 145),
(1171, 30, 146),
(1172, 30, 148),
(1173, 30, 149),
(1174, 30, 159),
(1175, 30, 160),
(1176, 30, 203),
(1177, 30, 204),
(1178, 30, 216),
(1179, 30, 232),
(1180, 30, 258),
(1181, 30, 263),
(1182, 30, 304),
(1183, 30, 305),
(1184, 30, 307),
(1185, 30, 312),
(1186, 30, 315),
(1187, 30, 328),
(1188, 30, 338),
(1189, 30, 355),
(1190, 30, 362),
(1191, 30, 397),
(1192, 30, 412),
(1193, 30, 426),
(1194, 30, 439),
(1195, 30, 449),
(1196, 30, 455),
(1197, 30, 458),
(1198, 30, 475),
(1199, 30, 492),
(1200, 30, 498),
(1201, 31, 8),
(1202, 31, 13),
(1203, 31, 19),
(1204, 31, 28),
(1205, 31, 34),
(1206, 31, 45),
(1207, 31, 73),
(1208, 31, 93),
(1209, 31, 106),
(1210, 31, 115),
(1211, 31, 120),
(1212, 31, 127),
(1213, 31, 133),
(1214, 31, 140),
(1215, 31, 167),
(1216, 31, 195),
(1217, 31, 212),
(1218, 31, 216),
(1219, 31, 251),
(1220, 31, 258),
(1221, 31, 261),
(1222, 31, 268),
(1223, 31, 270),
(1224, 31, 297),
(1225, 31, 299),
(1226, 31, 307),
(1227, 31, 338),
(1228, 31, 345),
(1229, 31, 350),
(1230, 31, 353),
(1231, 31, 406),
(1232, 31, 412),
(1233, 31, 431),
(1234, 31, 435),
(1235, 31, 471),
(1236, 31, 480),
(1237, 31, 483),
(1238, 31, 484),
(1239, 31, 492),
(1240, 31, 493),
(1241, 32, 29),
(1242, 32, 30),
(1243, 32, 39),
(1244, 32, 51),
(1245, 32, 70),
(1246, 32, 89),
(1247, 32, 104),
(1248, 32, 111),
(1249, 32, 112),
(1250, 32, 130),
(1251, 32, 140),
(1252, 32, 144),
(1253, 32, 150),
(1254, 32, 166),
(1255, 32, 170),
(1256, 32, 173),
(1257, 32, 175),
(1258, 32, 180),
(1259, 32, 221),
(1260, 32, 228),
(1261, 32, 233),
(1262, 32, 242),
(1263, 32, 251),
(1264, 32, 263),
(1265, 32, 269),
(1266, 32, 286),
(1267, 32, 310),
(1268, 32, 311),
(1269, 32, 314),
(1270, 32, 340),
(1271, 32, 349),
(1272, 32, 371),
(1273, 32, 378),
(1274, 32, 427),
(1275, 32, 429),
(1276, 32, 431),
(1277, 32, 451),
(1278, 32, 455),
(1279, 32, 476),
(1280, 32, 493),
(1281, 33, 8),
(1282, 33, 12),
(1283, 33, 19),
(1284, 33, 21),
(1285, 33, 24),
(1286, 33, 55),
(1287, 33, 67),
(1288, 33, 77),
(1289, 33, 92),
(1290, 33, 100),
(1291, 33, 101),
(1292, 33, 126),
(1293, 33, 128),
(1294, 33, 141),
(1295, 33, 162),
(1296, 33, 168),
(1297, 33, 182),
(1298, 33, 192),
(1299, 33, 225),
(1300, 33, 253),
(1301, 33, 271),
(1302, 33, 274),
(1303, 33, 282),
(1304, 33, 289),
(1305, 33, 303),
(1306, 33, 304),
(1307, 33, 307),
(1308, 33, 319),
(1309, 33, 364),
(1310, 33, 406),
(1311, 33, 407),
(1312, 33, 416),
(1313, 33, 445),
(1314, 33, 450),
(1315, 33, 453),
(1316, 33, 469),
(1317, 33, 470),
(1318, 33, 486),
(1319, 33, 487),
(1320, 33, 498),
(1321, 34, 42),
(1322, 34, 47),
(1323, 34, 63),
(1324, 34, 85),
(1325, 34, 87),
(1326, 34, 105),
(1327, 34, 122),
(1328, 34, 129),
(1329, 34, 130),
(1330, 34, 167),
(1331, 34, 176),
(1332, 34, 206),
(1333, 34, 214),
(1334, 34, 232),
(1335, 34, 241),
(1336, 34, 256),
(1337, 34, 264),
(1338, 34, 265),
(1339, 34, 289),
(1340, 34, 298),
(1341, 34, 301),
(1342, 34, 313),
(1343, 34, 317),
(1344, 34, 318),
(1345, 34, 323),
(1346, 34, 341),
(1347, 34, 347),
(1348, 34, 354),
(1349, 34, 370),
(1350, 34, 391),
(1351, 34, 406),
(1352, 34, 432),
(1353, 34, 441),
(1354, 34, 454),
(1355, 34, 457),
(1356, 34, 458),
(1357, 34, 467),
(1358, 34, 478),
(1359, 34, 488),
(1360, 34, 494),
(1361, 35, 8),
(1362, 35, 20),
(1363, 35, 74),
(1364, 35, 81),
(1365, 35, 83),
(1366, 35, 96),
(1367, 35, 110),
(1368, 35, 131),
(1369, 35, 132),
(1370, 35, 143),
(1371, 35, 164),
(1372, 35, 172),
(1373, 35, 179),
(1374, 35, 181),
(1375, 35, 193),
(1376, 35, 195),
(1377, 35, 203),
(1378, 35, 219),
(1379, 35, 262),
(1380, 35, 304),
(1381, 35, 305),
(1382, 35, 321),
(1383, 35, 324),
(1384, 35, 338),
(1385, 35, 342),
(1386, 35, 347),
(1387, 35, 362),
(1388, 35, 365),
(1389, 35, 385),
(1390, 35, 398),
(1391, 35, 413),
(1392, 35, 419),
(1393, 35, 427),
(1394, 35, 428),
(1395, 35, 430),
(1396, 35, 459),
(1397, 35, 470),
(1398, 35, 473),
(1399, 35, 486),
(1400, 35, 490),
(1401, 36, 3),
(1402, 36, 38),
(1403, 36, 40),
(1404, 36, 43),
(1405, 36, 47),
(1406, 36, 51),
(1407, 36, 55),
(1408, 36, 74),
(1409, 36, 81),
(1410, 36, 82),
(1411, 36, 96),
(1412, 36, 114),
(1413, 36, 115),
(1414, 36, 116),
(1415, 36, 183),
(1416, 36, 188),
(1417, 36, 201),
(1418, 36, 203),
(1419, 36, 205),
(1420, 36, 224),
(1421, 36, 251),
(1422, 36, 263),
(1423, 36, 268),
(1424, 36, 285),
(1425, 36, 290),
(1426, 36, 297),
(1427, 36, 299),
(1428, 36, 314),
(1429, 36, 350),
(1430, 36, 371),
(1431, 36, 376),
(1432, 36, 389),
(1433, 36, 390),
(1434, 36, 437),
(1435, 36, 446),
(1436, 36, 449),
(1437, 36, 467),
(1438, 36, 475),
(1439, 36, 477),
(1440, 36, 497),
(1441, 37, 21),
(1442, 37, 28),
(1443, 37, 50),
(1444, 37, 52),
(1445, 37, 59),
(1446, 37, 91),
(1447, 37, 105),
(1448, 37, 118),
(1449, 37, 126),
(1450, 37, 127),
(1451, 37, 133),
(1452, 37, 162),
(1453, 37, 171),
(1454, 37, 174),
(1455, 37, 181),
(1456, 37, 186),
(1457, 37, 216),
(1458, 37, 246),
(1459, 37, 256),
(1460, 37, 266),
(1461, 37, 269),
(1462, 37, 271),
(1463, 37, 279),
(1464, 37, 294),
(1465, 37, 301),
(1466, 37, 316),
(1467, 37, 323),
(1468, 37, 360),
(1469, 37, 361),
(1470, 37, 362),
(1471, 37, 370),
(1472, 37, 393),
(1473, 37, 416),
(1474, 37, 428),
(1475, 37, 437),
(1476, 37, 443),
(1477, 37, 449),
(1478, 37, 451),
(1479, 37, 472),
(1480, 37, 487),
(1481, 38, 4),
(1482, 38, 12),
(1483, 38, 15),
(1484, 38, 55),
(1485, 38, 64),
(1486, 38, 70),
(1487, 38, 80),
(1488, 38, 148),
(1489, 38, 166),
(1490, 38, 190),
(1491, 38, 228),
(1492, 38, 233),
(1493, 38, 239),
(1494, 38, 240),
(1495, 38, 256),
(1496, 38, 269),
(1497, 38, 306),
(1498, 38, 307),
(1499, 38, 311),
(1500, 38, 312),
(1501, 38, 320),
(1502, 38, 321),
(1503, 38, 322),
(1504, 38, 325),
(1505, 38, 327),
(1506, 38, 332),
(1507, 38, 342),
(1508, 38, 368),
(1509, 38, 377),
(1510, 38, 391),
(1511, 38, 394),
(1512, 38, 396),
(1513, 38, 407),
(1514, 38, 411),
(1515, 38, 422),
(1516, 38, 453),
(1517, 38, 457),
(1518, 38, 459),
(1519, 38, 462),
(1520, 38, 491),
(1521, 39, 29),
(1522, 39, 36),
(1523, 39, 58),
(1524, 39, 87),
(1525, 39, 101),
(1526, 39, 104),
(1527, 39, 122),
(1528, 39, 126),
(1529, 39, 135),
(1530, 39, 140),
(1531, 39, 141),
(1532, 39, 151),
(1533, 39, 162),
(1534, 39, 166),
(1535, 39, 176),
(1536, 39, 182),
(1537, 39, 183),
(1538, 39, 196),
(1539, 39, 204),
(1540, 39, 212),
(1541, 39, 216),
(1542, 39, 218),
(1543, 39, 229),
(1544, 39, 255),
(1545, 39, 265),
(1546, 39, 295),
(1547, 39, 314),
(1548, 39, 325),
(1549, 39, 330),
(1550, 39, 337),
(1551, 39, 351),
(1552, 39, 357),
(1553, 39, 415),
(1554, 39, 457),
(1555, 39, 460),
(1556, 39, 474),
(1557, 39, 477),
(1558, 39, 480),
(1559, 39, 481),
(1560, 39, 494),
(1561, 40, 36),
(1562, 40, 82),
(1563, 40, 90),
(1564, 40, 98),
(1565, 40, 100),
(1566, 40, 108),
(1567, 40, 114),
(1568, 40, 116),
(1569, 40, 118),
(1570, 40, 120),
(1571, 40, 122),
(1572, 40, 128),
(1573, 40, 133),
(1574, 40, 139),
(1575, 40, 147),
(1576, 40, 174),
(1577, 40, 180),
(1578, 40, 197),
(1579, 40, 207),
(1580, 40, 219),
(1581, 40, 222),
(1582, 40, 243),
(1583, 40, 272),
(1584, 40, 296),
(1585, 40, 298),
(1586, 40, 303),
(1587, 40, 304),
(1588, 40, 315),
(1589, 40, 318),
(1590, 40, 325),
(1591, 40, 330),
(1592, 40, 344),
(1593, 40, 346),
(1594, 40, 392),
(1595, 40, 429),
(1596, 40, 434),
(1597, 40, 449),
(1598, 40, 457),
(1599, 40, 460),
(1600, 40, 468);

-- --------------------------------------------------------

--
-- Table structure for table `migrations`
--

DROP TABLE IF EXISTS `migrations`;
CREATE TABLE IF NOT EXISTS `migrations` (
  `migration` varchar(255) COLLATE utf8_unicode_ci NOT NULL,
  `batch` int(11) NOT NULL
) ENGINE=MyISAM DEFAULT CHARSET=utf8 COLLATE=utf8_unicode_ci;

--
-- Dumping data for table `migrations`
--

INSERT INTO `migrations` (`migration`, `batch`) VALUES
('2014_04_24_110151_create_oauth_scopes_table', 1),
('2014_04_24_110304_create_oauth_grants_table', 1),
('2014_04_24_110403_create_oauth_grant_scopes_table', 1),
('2014_04_24_110459_create_oauth_clients_table', 1),
('2014_04_24_110557_create_oauth_client_endpoints_table', 1),
('2014_04_24_110705_create_oauth_client_scopes_table', 1),
('2014_04_24_110817_create_oauth_client_grants_table', 1),
('2014_04_24_111002_create_oauth_sessions_table', 1),
('2014_04_24_111109_create_oauth_session_scopes_table', 1),
('2014_04_24_111254_create_oauth_auth_codes_table', 1),
('2014_04_24_111403_create_oauth_auth_code_scopes_table', 1),
('2014_04_24_111518_create_oauth_access_tokens_table', 1),
('2014_04_24_111657_create_oauth_access_token_scopes_table', 1),
('2014_04_24_111810_create_oauth_refresh_tokens_table', 1),
('2017_10_06_054702_create_table_teachers', 1),
('2017_10_06_054725_create_table_student', 1),
('2017_10_06_054742_create_table_courses', 1),
('2017_10_06_054829_create_table_course_student', 1);

-- --------------------------------------------------------

--
-- Table structure for table `oauth_access_tokens`
--

DROP TABLE IF EXISTS `oauth_access_tokens`;
CREATE TABLE IF NOT EXISTS `oauth_access_tokens` (
  `id` varchar(40) COLLATE utf8_unicode_ci NOT NULL,
  `session_id` int(10) UNSIGNED NOT NULL,
  `expire_time` int(11) NOT NULL,
  `created_at` timestamp NOT NULL DEFAULT '0000-00-00 00:00:00',
  `updated_at` timestamp NOT NULL DEFAULT '0000-00-00 00:00:00',
  PRIMARY KEY (`id`),
  UNIQUE KEY `oauth_access_tokens_id_session_id_unique` (`id`,`session_id`),
  KEY `oauth_access_tokens_session_id_index` (`session_id`)
) ENGINE=MyISAM DEFAULT CHARSET=utf8 COLLATE=utf8_unicode_ci;

-- --------------------------------------------------------

--
-- Table structure for table `oauth_access_token_scopes`
--

DROP TABLE IF EXISTS `oauth_access_token_scopes`;
CREATE TABLE IF NOT EXISTS `oauth_access_token_scopes` (
  `id` int(10) UNSIGNED NOT NULL AUTO_INCREMENT,
  `access_token_id` varchar(40) COLLATE utf8_unicode_ci NOT NULL,
  `scope_id` varchar(40) COLLATE utf8_unicode_ci NOT NULL,
  `created_at` timestamp NOT NULL DEFAULT '0000-00-00 00:00:00',
  `updated_at` timestamp NOT NULL DEFAULT '0000-00-00 00:00:00',
  PRIMARY KEY (`id`),
  KEY `oauth_access_token_scopes_access_token_id_index` (`access_token_id`),
  KEY `oauth_access_token_scopes_scope_id_index` (`scope_id`)
) ENGINE=MyISAM DEFAULT CHARSET=utf8 COLLATE=utf8_unicode_ci;

-- --------------------------------------------------------

--
-- Table structure for table `oauth_auth_codes`
--

DROP TABLE IF EXISTS `oauth_auth_codes`;
CREATE TABLE IF NOT EXISTS `oauth_auth_codes` (
  `id` varchar(40) COLLATE utf8_unicode_ci NOT NULL,
  `session_id` int(10) UNSIGNED NOT NULL,
  `redirect_uri` varchar(255) COLLATE utf8_unicode_ci NOT NULL,
  `expire_time` int(11) NOT NULL,
  `created_at` timestamp NOT NULL DEFAULT '0000-00-00 00:00:00',
  `updated_at` timestamp NOT NULL DEFAULT '0000-00-00 00:00:00',
  PRIMARY KEY (`id`),
  KEY `oauth_auth_codes_session_id_index` (`session_id`)
) ENGINE=MyISAM DEFAULT CHARSET=utf8 COLLATE=utf8_unicode_ci;

-- --------------------------------------------------------

--
-- Table structure for table `oauth_auth_code_scopes`
--

DROP TABLE IF EXISTS `oauth_auth_code_scopes`;
CREATE TABLE IF NOT EXISTS `oauth_auth_code_scopes` (
  `id` int(10) UNSIGNED NOT NULL AUTO_INCREMENT,
  `auth_code_id` varchar(40) COLLATE utf8_unicode_ci NOT NULL,
  `scope_id` varchar(40) COLLATE utf8_unicode_ci NOT NULL,
  `created_at` timestamp NOT NULL DEFAULT '0000-00-00 00:00:00',
  `updated_at` timestamp NOT NULL DEFAULT '0000-00-00 00:00:00',
  PRIMARY KEY (`id`),
  KEY `oauth_auth_code_scopes_auth_code_id_index` (`auth_code_id`),
  KEY `oauth_auth_code_scopes_scope_id_index` (`scope_id`)
) ENGINE=MyISAM DEFAULT CHARSET=utf8 COLLATE=utf8_unicode_ci;

-- --------------------------------------------------------

--
-- Table structure for table `oauth_clients`
--

DROP TABLE IF EXISTS `oauth_clients`;
CREATE TABLE IF NOT EXISTS `oauth_clients` (
  `id` varchar(40) COLLATE utf8_unicode_ci NOT NULL,
  `secret` varchar(40) COLLATE utf8_unicode_ci NOT NULL,
  `name` varchar(255) COLLATE utf8_unicode_ci NOT NULL,
  `created_at` timestamp NOT NULL DEFAULT '0000-00-00 00:00:00',
  `updated_at` timestamp NOT NULL DEFAULT '0000-00-00 00:00:00',
  PRIMARY KEY (`id`),
  UNIQUE KEY `oauth_clients_id_secret_unique` (`id`,`secret`)
) ENGINE=MyISAM DEFAULT CHARSET=utf8 COLLATE=utf8_unicode_ci;

-- --------------------------------------------------------

--
-- Table structure for table `oauth_client_endpoints`
--

DROP TABLE IF EXISTS `oauth_client_endpoints`;
CREATE TABLE IF NOT EXISTS `oauth_client_endpoints` (
  `id` int(10) UNSIGNED NOT NULL AUTO_INCREMENT,
  `client_id` varchar(40) COLLATE utf8_unicode_ci NOT NULL,
  `redirect_uri` varchar(255) COLLATE utf8_unicode_ci NOT NULL,
  `created_at` timestamp NOT NULL DEFAULT '0000-00-00 00:00:00',
  `updated_at` timestamp NOT NULL DEFAULT '0000-00-00 00:00:00',
  PRIMARY KEY (`id`),
  UNIQUE KEY `oauth_client_endpoints_client_id_redirect_uri_unique` (`client_id`,`redirect_uri`)
) ENGINE=MyISAM DEFAULT CHARSET=utf8 COLLATE=utf8_unicode_ci;

-- --------------------------------------------------------

--
-- Table structure for table `oauth_client_grants`
--

DROP TABLE IF EXISTS `oauth_client_grants`;
CREATE TABLE IF NOT EXISTS `oauth_client_grants` (
  `id` int(10) UNSIGNED NOT NULL AUTO_INCREMENT,
  `client_id` varchar(40) COLLATE utf8_unicode_ci NOT NULL,
  `grant_id` varchar(40) COLLATE utf8_unicode_ci NOT NULL,
  `created_at` timestamp NOT NULL DEFAULT '0000-00-00 00:00:00',
  `updated_at` timestamp NOT NULL DEFAULT '0000-00-00 00:00:00',
  PRIMARY KEY (`id`),
  KEY `oauth_client_grants_client_id_index` (`client_id`),
  KEY `oauth_client_grants_grant_id_index` (`grant_id`)
) ENGINE=MyISAM DEFAULT CHARSET=utf8 COLLATE=utf8_unicode_ci;

-- --------------------------------------------------------

--
-- Table structure for table `oauth_client_scopes`
--

DROP TABLE IF EXISTS `oauth_client_scopes`;
CREATE TABLE IF NOT EXISTS `oauth_client_scopes` (
  `id` int(10) UNSIGNED NOT NULL AUTO_INCREMENT,
  `client_id` varchar(40) COLLATE utf8_unicode_ci NOT NULL,
  `scope_id` varchar(40) COLLATE utf8_unicode_ci NOT NULL,
  `created_at` timestamp NOT NULL DEFAULT '0000-00-00 00:00:00',
  `updated_at` timestamp NOT NULL DEFAULT '0000-00-00 00:00:00',
  PRIMARY KEY (`id`),
  KEY `oauth_client_scopes_client_id_index` (`client_id`),
  KEY `oauth_client_scopes_scope_id_index` (`scope_id`)
) ENGINE=MyISAM DEFAULT CHARSET=utf8 COLLATE=utf8_unicode_ci;

-- --------------------------------------------------------

--
-- Table structure for table `oauth_grants`
--

DROP TABLE IF EXISTS `oauth_grants`;
CREATE TABLE IF NOT EXISTS `oauth_grants` (
  `id` varchar(40) COLLATE utf8_unicode_ci NOT NULL,
  `created_at` timestamp NOT NULL DEFAULT '0000-00-00 00:00:00',
  `updated_at` timestamp NOT NULL DEFAULT '0000-00-00 00:00:00',
  PRIMARY KEY (`id`)
) ENGINE=MyISAM DEFAULT CHARSET=utf8 COLLATE=utf8_unicode_ci;

-- --------------------------------------------------------

--
-- Table structure for table `oauth_grant_scopes`
--

DROP TABLE IF EXISTS `oauth_grant_scopes`;
CREATE TABLE IF NOT EXISTS `oauth_grant_scopes` (
  `id` int(10) UNSIGNED NOT NULL AUTO_INCREMENT,
  `grant_id` varchar(40) COLLATE utf8_unicode_ci NOT NULL,
  `scope_id` varchar(40) COLLATE utf8_unicode_ci NOT NULL,
  `created_at` timestamp NOT NULL DEFAULT '0000-00-00 00:00:00',
  `updated_at` timestamp NOT NULL DEFAULT '0000-00-00 00:00:00',
  PRIMARY KEY (`id`),
  KEY `oauth_grant_scopes_grant_id_index` (`grant_id`),
  KEY `oauth_grant_scopes_scope_id_index` (`scope_id`)
) ENGINE=MyISAM DEFAULT CHARSET=utf8 COLLATE=utf8_unicode_ci;

-- --------------------------------------------------------

--
-- Table structure for table `oauth_refresh_tokens`
--

DROP TABLE IF EXISTS `oauth_refresh_tokens`;
CREATE TABLE IF NOT EXISTS `oauth_refresh_tokens` (
  `id` varchar(40) COLLATE utf8_unicode_ci NOT NULL,
  `access_token_id` varchar(40) COLLATE utf8_unicode_ci NOT NULL,
  `expire_time` int(11) NOT NULL,
  `created_at` timestamp NOT NULL DEFAULT '0000-00-00 00:00:00',
  `updated_at` timestamp NOT NULL DEFAULT '0000-00-00 00:00:00',
  PRIMARY KEY (`access_token_id`),
  UNIQUE KEY `oauth_refresh_tokens_id_unique` (`id`)
) ENGINE=MyISAM DEFAULT CHARSET=utf8 COLLATE=utf8_unicode_ci;

-- --------------------------------------------------------

--
-- Table structure for table `oauth_scopes`
--

DROP TABLE IF EXISTS `oauth_scopes`;
CREATE TABLE IF NOT EXISTS `oauth_scopes` (
  `id` varchar(40) COLLATE utf8_unicode_ci NOT NULL,
  `description` varchar(255) COLLATE utf8_unicode_ci NOT NULL,
  `created_at` timestamp NOT NULL DEFAULT '0000-00-00 00:00:00',
  `updated_at` timestamp NOT NULL DEFAULT '0000-00-00 00:00:00',
  PRIMARY KEY (`id`)
) ENGINE=MyISAM DEFAULT CHARSET=utf8 COLLATE=utf8_unicode_ci;

-- --------------------------------------------------------

--
-- Table structure for table `oauth_sessions`
--

DROP TABLE IF EXISTS `oauth_sessions`;
CREATE TABLE IF NOT EXISTS `oauth_sessions` (
  `id` int(10) UNSIGNED NOT NULL AUTO_INCREMENT,
  `client_id` varchar(40) COLLATE utf8_unicode_ci NOT NULL,
  `owner_type` enum('client','user') COLLATE utf8_unicode_ci NOT NULL DEFAULT 'user',
  `owner_id` varchar(255) COLLATE utf8_unicode_ci NOT NULL,
  `client_redirect_uri` varchar(255) COLLATE utf8_unicode_ci DEFAULT NULL,
  `created_at` timestamp NOT NULL DEFAULT '0000-00-00 00:00:00',
  `updated_at` timestamp NOT NULL DEFAULT '0000-00-00 00:00:00',
  PRIMARY KEY (`id`),
  KEY `oauth_sessions_client_id_owner_type_owner_id_index` (`client_id`,`owner_type`,`owner_id`)
) ENGINE=MyISAM DEFAULT CHARSET=utf8 COLLATE=utf8_unicode_ci;

-- --------------------------------------------------------

--
-- Table structure for table `oauth_session_scopes`
--

DROP TABLE IF EXISTS `oauth_session_scopes`;
CREATE TABLE IF NOT EXISTS `oauth_session_scopes` (
  `id` int(10) UNSIGNED NOT NULL AUTO_INCREMENT,
  `session_id` int(10) UNSIGNED NOT NULL,
  `scope_id` varchar(40) COLLATE utf8_unicode_ci NOT NULL,
  `created_at` timestamp NOT NULL DEFAULT '0000-00-00 00:00:00',
  `updated_at` timestamp NOT NULL DEFAULT '0000-00-00 00:00:00',
  PRIMARY KEY (`id`),
  KEY `oauth_session_scopes_session_id_index` (`session_id`),
  KEY `oauth_session_scopes_scope_id_index` (`scope_id`)
) ENGINE=MyISAM DEFAULT CHARSET=utf8 COLLATE=utf8_unicode_ci;

-- --------------------------------------------------------

--
-- Table structure for table `students`
--

DROP TABLE IF EXISTS `students`;
CREATE TABLE IF NOT EXISTS `students` (
  `id` int(10) UNSIGNED NOT NULL AUTO_INCREMENT,
  `name` varchar(255) COLLATE utf8_unicode_ci NOT NULL,
  `address` varchar(255) COLLATE utf8_unicode_ci NOT NULL,
  `phone` varchar(255) COLLATE utf8_unicode_ci NOT NULL,
  `career` varchar(255) COLLATE utf8_unicode_ci NOT NULL,
  `created_at` timestamp NOT NULL DEFAULT '0000-00-00 00:00:00',
  `updated_at` timestamp NOT NULL DEFAULT '0000-00-00 00:00:00',
  PRIMARY KEY (`id`)
) ENGINE=MyISAM AUTO_INCREMENT=501 DEFAULT CHARSET=utf8 COLLATE=utf8_unicode_ci;

--
-- Dumping data for table `students`
--

INSERT INTO `students` (`id`, `name`, `address`, `phone`, `career`, `created_at`, `updated_at`) VALUES
(1, 'Shana Harber', '37618 Hagenes Greens Apt. 959\nKeatonfurt, AL 88475-5122', '1-979-372-5369 x59153', 'physics', '2017-10-06 17:02:52', '2017-10-06 17:02:52'),
(2, 'Randal Ernser', '111 Metz Cape\nNew Ara, IL 68601', '1-649-287-1727 x440', 'physics', '2017-10-06 17:02:52', '2017-10-06 17:02:52'),
(3, 'Audreanne Abernathy III', '266 Ana Rapid\nClaudeburgh, DC 42918-7830', '430.308.3313 x460', 'engineering', '2017-10-06 17:02:52', '2017-10-06 17:02:52'),
(4, 'Maryam Rosenbaum', '1323 Connelly Trace\nLake Zelmaburgh, NV 94241-5186', '(478) 776-2055 x177', 'engineering', '2017-10-06 17:02:52', '2017-10-06 17:02:52'),
(5, 'Kiley Luettgen', '55459 Carolanne Shores\nSouth Alysson, MI 43697', '1-431-503-4897', 'math', '2017-10-06 17:02:52', '2017-10-06 17:02:52'),
(6, 'Quinn Batz DDS', '42535 Champlin Row\nJermainmouth, OK 85643', '(893) 967-0351 x63067', 'math', '2017-10-06 17:02:52', '2017-10-06 17:02:52'),
(7, 'Ernie Witting', '288 Thiel Gateway Apt. 746\nWest Beverly, OH 68223', '693.780.1629', 'physics', '2017-10-06 17:02:52', '2017-10-06 17:02:52'),
(8, 'Jammie Roob', '8852 Kiarra Inlet\nPort Madelynnton, NC 85292', '(967) 793-4479', 'physics', '2017-10-06 17:02:52', '2017-10-06 17:02:52'),
(9, 'Reta Rohan', '94578 Kris Inlet Suite 160\nEast Addison, IL 31536', '723-714-5391', 'engineering', '2017-10-06 17:02:52', '2017-10-06 17:02:52'),
(10, 'Rebecca Renner', '91611 Barrows Turnpike\nEast Felix, WI 46788', '547.755.3743 x2277', 'engineering', '2017-10-06 17:02:52', '2017-10-06 17:02:52'),
(11, 'Harrison Osinski', '417 Naomi Islands\nWest Rick, TX 35635', '923.752.5901 x05569', 'physics', '2017-10-06 17:02:52', '2017-10-06 17:02:52'),
(12, 'Heath Hirthe V', '616 Lehner Shore\nGladyceshire, WA 85127-0562', '(845) 202-1673 x0631', 'math', '2017-10-06 17:02:52', '2017-10-06 17:02:52'),
(13, 'Mylene Hagenes', '859 Destany Port Suite 452\nNorth Amaliaport, CT 36730', '+1-364-928-9953', 'engineering', '2017-10-06 17:02:52', '2017-10-06 17:02:52'),
(14, 'Ms. Priscilla Corkery I', '5124 Elroy Stravenue Suite 589\nSouth Sydnichester, NH 11653', '+1 (940) 938-2480', 'physics', '2017-10-06 17:02:52', '2017-10-06 17:02:52'),
(15, 'Danny VonRueden DDS', '966 Turcotte Valleys\nPort Edwina, DC 10255-2681', '270-890-0158 x02354', 'physics', '2017-10-06 17:02:52', '2017-10-06 17:02:52'),
(16, 'Etha Raynor', '895 Barton Estate Suite 527\nNew Effieton, MS 85805-9651', '696-439-5700', 'math', '2017-10-06 17:02:52', '2017-10-06 17:02:52'),
(17, 'Elfrieda Skiles', '545 Toy Points Apt. 368\nTurnerfurt, DC 97889', '724-626-8822', 'math', '2017-10-06 17:02:52', '2017-10-06 17:02:52'),
(18, 'Mr. Sim Pagac MD', '96668 Grimes Isle Apt. 204\nJacobsstad, OR 05016-8585', '265.610.1780 x3888', 'math', '2017-10-06 17:02:52', '2017-10-06 17:02:52'),
(19, 'Mrs. Gwen Jaskolski', '25391 Brown Motorway\nSouth Raymond, IN 40982', '212.900.9657 x1992', 'math', '2017-10-06 17:02:52', '2017-10-06 17:02:52'),
(20, 'Isabell Vandervort Jr.', '19362 Sherwood Village\nEast Gissellefort, NM 71802-5266', '645.436.8193', 'math', '2017-10-06 17:02:52', '2017-10-06 17:02:52'),
(21, 'Enrico Tromp', '820 Delores Locks\nCummingshaven, KY 54647', '1-396-621-2322 x877', 'math', '2017-10-06 17:02:52', '2017-10-06 17:02:52'),
(22, 'Verona Mosciski', '9976 Shanon Mountain\nViolaport, DC 41661', '770.928.6625', 'math', '2017-10-06 17:02:52', '2017-10-06 17:02:52'),
(23, 'Lorena Hirthe III', '1408 Kirlin Mission Apt. 301\nRohanchester, AR 40580', '315.586.0152', 'engineering', '2017-10-06 17:02:52', '2017-10-06 17:02:52'),
(24, 'Ervin Murray', '9338 Gus Trail Apt. 232\nNew Inesville, SD 08601', '+1 (895) 316-5303', 'physics', '2017-10-06 17:02:52', '2017-10-06 17:02:52'),
(25, 'Delores Reichert', '8116 Cecile Freeway\nNaderfurt, LA 54663-3647', '+1.656.513.9314', 'math', '2017-10-06 17:02:52', '2017-10-06 17:02:52'),
(26, 'Axel Streich', '95573 Velda Fort\nPort Miraclehaven, PA 43539-6343', '661-768-8905', 'engineering', '2017-10-06 17:02:52', '2017-10-06 17:02:52'),
(27, 'Jerrold Pagac', '2689 Hilll Summit Apt. 407\nOthomouth, ID 31776', '225-609-1930 x632', 'math', '2017-10-06 17:02:52', '2017-10-06 17:02:52'),
(28, 'Marian Donnelly I', '14317 Beth Overpass\nPort Mercedesland, WA 84939-8218', '1-390-704-2826', 'physics', '2017-10-06 17:02:52', '2017-10-06 17:02:52'),
(29, 'Timmothy Johnston', '135 Casimer Square Apt. 512\nWadeview, VT 04149-4823', '274-248-3602', 'engineering', '2017-10-06 17:02:52', '2017-10-06 17:02:52'),
(30, 'Joel Kemmer DVM', '3321 Kuhn Mountain\nHaagchester, AL 71153', '497.338.7530 x6406', 'physics', '2017-10-06 17:02:52', '2017-10-06 17:02:52'),
(31, 'Elmer Frami', '8811 Heber Mill\nWest Saul, AR 54662-4620', '717-585-6486 x0402', 'engineering', '2017-10-06 17:02:52', '2017-10-06 17:02:52'),
(32, 'Giovani Corkery', '70278 Nikolaus Skyway\nMatildaport, WY 22017', '728-976-9292 x6111', 'engineering', '2017-10-06 17:02:52', '2017-10-06 17:02:52'),
(33, 'Ezekiel Prohaska DDS', '3620 Boyle Walks\nLake Gladycetown, MS 64734-2600', '+1.513.790.2627', 'math', '2017-10-06 17:02:52', '2017-10-06 17:02:52'),
(34, 'Toni Walter', '6042 Buddy Stravenue Suite 702\nNorth Elfrieda, OK 13008', '1-316-896-7771 x270', 'physics', '2017-10-06 17:02:52', '2017-10-06 17:02:52'),
(35, 'Miss Carlie Doyle', '85046 Columbus Vista Apt. 758\nKoeppside, OR 85449', '452.574.8113 x7834', 'math', '2017-10-06 17:02:52', '2017-10-06 17:02:52'),
(36, 'Norberto Effertz', '44123 Rath Ville\nWalkerbury, VA 10707-8832', '1-741-787-4972', 'engineering', '2017-10-06 17:02:52', '2017-10-06 17:02:52'),
(37, 'Winfield Koch V', '3405 Ziemann Pine\nEast Junestad, RI 94969-9354', '(621) 484-0419 x64665', 'math', '2017-10-06 17:02:52', '2017-10-06 17:02:52'),
(38, 'Mr. Golden Christiansen I', '539 Connelly Street\nPort Jewellberg, ME 42711', '1-792-500-6865 x397', 'engineering', '2017-10-06 17:02:52', '2017-10-06 17:02:52'),
(39, 'Ora Bins', '254 Heller Estate\nSouth Sabrynaburgh, OR 42163-3943', '543.437.8295 x397', 'physics', '2017-10-06 17:02:52', '2017-10-06 17:02:52'),
(40, 'Ms. Madeline Abshire', '3344 Carolyn Mountain\nNew Williemouth, WY 50753-6667', '1-989-454-8449', 'engineering', '2017-10-06 17:02:52', '2017-10-06 17:02:52'),
(41, 'Elenora Runolfsson', '824 Marion Radial\nSouth Monica, ND 42433', '(849) 747-9680', 'engineering', '2017-10-06 17:02:52', '2017-10-06 17:02:52'),
(42, 'Prof. Alden Ferry Sr.', '91992 Lindgren Locks Suite 820\nLake Chesleyland, WV 21749', '(846) 208-4711 x9681', 'math', '2017-10-06 17:02:52', '2017-10-06 17:02:52'),
(43, 'Mafalda Russel', '80025 Herzog Roads\nEllenbury, DE 79446', '624-858-1734', 'engineering', '2017-10-06 17:02:52', '2017-10-06 17:02:52'),
(44, 'Oma Littel', '740 Schamberger Path\nQuitzonport, NC 33714-7310', '223.539.7869 x92833', 'physics', '2017-10-06 17:02:52', '2017-10-06 17:02:52'),
(45, 'Dr. Harvey Ruecker Sr.', '110 Maurine Bridge Apt. 909\nBrendaberg, KS 45777-8687', '(242) 863-2128', 'physics', '2017-10-06 17:02:52', '2017-10-06 17:02:52'),
(46, 'Michel Batz', '69647 Von Place\nLednerton, TN 97681', '+1 (661) 389-5543', 'physics', '2017-10-06 17:02:52', '2017-10-06 17:02:52'),
(47, 'Daisha Johns', '31395 Lonzo Glen Apt. 670\nAdalbertotown, TN 62158', '+1-653-594-1348', 'engineering', '2017-10-06 17:02:52', '2017-10-06 17:02:52'),
(48, 'Carmine Ferry', '491 Dewayne Lakes Apt. 672\nBeckerside, MO 58609-4848', '1-678-367-7283 x531', 'engineering', '2017-10-06 17:02:52', '2017-10-06 17:02:52'),
(49, 'Thora Dickens', '1599 Adaline Run\nJammietown, VA 96222-6028', '(809) 224-2431', 'engineering', '2017-10-06 17:02:52', '2017-10-06 17:02:52'),
(50, 'Freeda Bashirian', '172 Heathcote Roads Apt. 564\nEast Marielatown, GA 48903-3670', '568.927.2326 x016', 'math', '2017-10-06 17:02:52', '2017-10-06 17:02:52'),
(51, 'Eda Littel', '59519 Stehr Flat Suite 151\nEast Junior, FL 47563-7216', '(891) 403-6212 x04654', 'physics', '2017-10-06 17:02:52', '2017-10-06 17:02:52'),
(52, 'Candido Mueller DDS', '469 Pedro Port\nGutkowskistad, VT 78111', '218-509-6675 x740', 'math', '2017-10-06 17:02:52', '2017-10-06 17:02:52'),
(53, 'Dr. Penelope Gorczany MD', '16323 Ortiz Road Apt. 731\nSandraside, MN 92023-5570', '1-387-680-7174', 'math', '2017-10-06 17:02:52', '2017-10-06 17:02:52'),
(54, 'Zaria Carroll Sr.', '6753 Blick Forge Suite 484\nWest Eileenside, ND 52399-4613', '(812) 250-3807', 'physics', '2017-10-06 17:02:52', '2017-10-06 17:02:52'),
(55, 'Alexzander Cormier', '94451 Gusikowski Mountains Suite 791\nSouth Fredrick, MN 15737', '(665) 513-2099 x1331', 'math', '2017-10-06 17:02:52', '2017-10-06 17:02:52'),
(56, 'Uriel Murray', '366 Bessie Oval\nGwenhaven, NE 04214-2294', '(357) 541-4959', 'physics', '2017-10-06 17:02:52', '2017-10-06 17:02:52'),
(57, 'Myah Gislason', '914 Keeling Vista Suite 852\nChaseville, AR 79396', '547-487-7240', 'engineering', '2017-10-06 17:02:52', '2017-10-06 17:02:52'),
(58, 'Missouri Wolf', '21163 Vanessa Pike Apt. 463\nTrevaton, NJ 65628', '(664) 504-4447', 'physics', '2017-10-06 17:02:52', '2017-10-06 17:02:52'),
(59, 'Prof. Melvina Kessler II', '90749 Dietrich Haven Apt. 453\nMaximostad, HI 29764', '704.222.1593 x635', 'physics', '2017-10-06 17:02:52', '2017-10-06 17:02:52'),
(60, 'Bethel Armstrong', '57655 Rice Pine Apt. 079\nEast Janessafurt, MT 94357', '495-931-4204', 'engineering', '2017-10-06 17:02:52', '2017-10-06 17:02:52'),
(61, 'Leo Von', '9717 Katlyn Tunnel\nCamronhaven, DC 47869', '1-583-385-5539 x8904', 'physics', '2017-10-06 17:02:52', '2017-10-06 17:02:52'),
(62, 'Elyse Wyman DVM', '9888 Vicky Spur\nDomingoburgh, AK 76560-9592', '396-484-7943 x2927', 'physics', '2017-10-06 17:02:52', '2017-10-06 17:02:52'),
(63, 'Gregorio Cole', '24524 Beahan Avenue\nMcKenzieborough, IN 62361-4756', '(890) 765-8153', 'physics', '2017-10-06 17:02:52', '2017-10-06 17:02:52'),
(64, 'Adella Collier', '830 Vivianne Flats\nWest Kamillechester, NC 19826-0669', '+1-430-681-4871', 'physics', '2017-10-06 17:02:52', '2017-10-06 17:02:52'),
(65, 'Dr. Beaulah Dicki', '2048 Stracke Summit\nLorenzside, RI 19081-7512', '1-384-649-9746', 'math', '2017-10-06 17:02:52', '2017-10-06 17:02:52'),
(66, 'Prof. Yasmine Wiegand', '47985 Nathanael Union\nPort Thurmanstad, MN 84892-6550', '+1.873.518.3208', 'math', '2017-10-06 17:02:52', '2017-10-06 17:02:52'),
(67, 'Dr. Stefan Kutch', '128 Gerhold Circles Suite 132\nNitzschetown, MO 19563-8195', '+1-394-708-1349', 'engineering', '2017-10-06 17:02:52', '2017-10-06 17:02:52'),
(68, 'Patience Effertz', '6938 Bartell Center Apt. 214\nSouth Delia, NJ 38898-1346', '(770) 680-0566 x7080', 'engineering', '2017-10-06 17:02:52', '2017-10-06 17:02:52'),
(69, 'Dr. Tiara Nicolas MD', '466 Veum Cove Apt. 840\nHermistonville, OH 78163', '1-538-268-6281 x94524', 'physics', '2017-10-06 17:02:52', '2017-10-06 17:02:52'),
(70, 'Paolo Smitham V', '271 Fisher Neck Suite 870\nIlianaton, NC 69964-9933', '+1 (685) 647-6820', 'engineering', '2017-10-06 17:02:52', '2017-10-06 17:02:52'),
(71, 'Miss Annamarie Kreiger', '76429 Klocko Flat\nNorth Marty, MS 06410-1557', '1-386-517-9881 x24807', 'physics', '2017-10-06 17:02:52', '2017-10-06 17:02:52'),
(72, 'Wilson Pollich', '6109 Bradtke Village\nLorenzaton, AK 44296-2058', '+1-832-581-8413', 'math', '2017-10-06 17:02:52', '2017-10-06 17:02:52'),
(73, 'Hermann Halvorson', '1866 Theodora Key\nHermistonport, IN 43077-0057', '(914) 215-0910 x9294', 'physics', '2017-10-06 17:02:52', '2017-10-06 17:02:52'),
(74, 'Mr. Emmet Parker DDS', '1967 Ramiro Alley\nGreenport, SC 36125-0657', '1-931-404-8626', 'engineering', '2017-10-06 17:02:52', '2017-10-06 17:02:52'),
(75, 'Gus Gusikowski', '3577 Sandrine Hill Apt. 587\nEmmerichshire, IL 37951-0919', '968.278.2458', 'math', '2017-10-06 17:02:52', '2017-10-06 17:02:52'),
(76, 'Khalil Reinger', '8770 Satterfield Mission Apt. 291\nConntown, MO 31777-8074', '(306) 646-9909 x3440', 'math', '2017-10-06 17:02:52', '2017-10-06 17:02:52'),
(77, 'Harmony Beahan', '425 Prohaska Mill\nNobletown, TX 31287', '1-782-288-4212 x8775', 'engineering', '2017-10-06 17:02:52', '2017-10-06 17:02:52'),
(78, 'Isabella Ernser', '7102 Philip Motorway\nLake Sage, OK 68276', '656.862.5263 x9887', 'engineering', '2017-10-06 17:02:52', '2017-10-06 17:02:52'),
(79, 'Woodrow Kuhn DDS', '8550 Mervin Cliff\nPort Reid, AR 21575-3811', '228.753.5230 x29201', 'engineering', '2017-10-06 17:02:52', '2017-10-06 17:02:52'),
(80, 'Prof. Toby Hamill', '710 Ellis Green\nVernbury, AL 01917-5360', '772-675-7933 x51051', 'math', '2017-10-06 17:02:52', '2017-10-06 17:02:52'),
(81, 'Julianne Hessel', '3814 Borer Spring\nOctaviatown, ID 52654', '1-425-953-9121 x815', 'physics', '2017-10-06 17:02:52', '2017-10-06 17:02:52'),
(82, 'Mrs. Wendy Thompson', '817 Matilda Lodge\nRossport, RI 39550-9226', '(686) 222-1406', 'physics', '2017-10-06 17:02:52', '2017-10-06 17:02:52'),
(83, 'Monserrat Collier', '963 Hahn Drives Suite 755\nLake Isabellafurt, WV 60947-7704', '359-601-5421', 'physics', '2017-10-06 17:02:52', '2017-10-06 17:02:52'),
(84, 'Dr. Jonas Auer I', '8525 Dudley Coves Apt. 040\nWest Alenaport, MS 04922-2386', '624.919.2281', 'physics', '2017-10-06 17:02:52', '2017-10-06 17:02:52'),
(85, 'Weldon Bayer', '63057 Hagenes Harbors\nWest Jermainchester, WV 68724', '(859) 573-2996 x6641', 'engineering', '2017-10-06 17:02:52', '2017-10-06 17:02:52'),
(86, 'Katarina Corkery', '484 Grover Junction\nStefaniefurt, HI 13598', '(816) 821-0902 x488', 'engineering', '2017-10-06 17:02:52', '2017-10-06 17:02:52'),
(87, 'Prof. Dianna West I', '1044 Jacobi Estate\nNorth Abdullahberg, MT 17276', '424.723.8454 x1458', 'physics', '2017-10-06 17:02:52', '2017-10-06 17:02:52'),
(88, 'Dr. Esteban Quitzon II', '1844 Mike Tunnel\nNorth Edenton, NJ 22284', '201.983.4428', 'physics', '2017-10-06 17:02:52', '2017-10-06 17:02:52'),
(89, 'Miss Mandy Stoltenberg', '2583 Anna Villages Suite 803\nFlossieland, CO 78444-4366', '(654) 890-6005 x221', 'math', '2017-10-06 17:02:52', '2017-10-06 17:02:52'),
(90, 'Assunta Hilll', '5521 Jast Ville Suite 511\nElodyport, AL 28078-6564', '817.429.3912', 'physics', '2017-10-06 17:02:52', '2017-10-06 17:02:52'),
(91, 'Taylor Dickens', '6220 Hegmann Grove Apt. 065\nBrayanburgh, WV 13068-5319', '284.457.8145 x557', 'physics', '2017-10-06 17:02:52', '2017-10-06 17:02:52'),
(92, 'Lucius Price', '7085 Cleo Pass Suite 623\nReynastad, ME 14101-7991', '285.344.5090', 'physics', '2017-10-06 17:02:52', '2017-10-06 17:02:52'),
(93, 'Jerel Green I', '164 Jeromy Walk\nWest Alysha, DC 55984-3684', '1-420-607-7448 x2357', 'math', '2017-10-06 17:02:52', '2017-10-06 17:02:52'),
(94, 'Hollie Gorczany', '8847 Lon Fall\nLake Edwin, MN 07086-8589', '286.445.9409 x43321', 'math', '2017-10-06 17:02:52', '2017-10-06 17:02:52'),
(95, 'Mittie Mann PhD', '1021 Christy Parks Apt. 400\nWest Deloresfort, WI 02290', '739.513.3569 x6208', 'engineering', '2017-10-06 17:02:52', '2017-10-06 17:02:52'),
(96, 'Lowell Dickinson', '556 Danika Forks Apt. 101\nAnkundingview, GA 79216-1769', '289-317-8548 x2493', 'engineering', '2017-10-06 17:02:52', '2017-10-06 17:02:52'),
(97, 'Lulu Lang', '9259 Orville Mountains Apt. 093\nVonRuedenshire, NM 14111-2670', '(206) 256-8663', 'physics', '2017-10-06 17:02:52', '2017-10-06 17:02:52'),
(98, 'Maribel Hammes PhD', '35665 Marquardt Forest Suite 520\nHartmannmouth, PA 79689-6670', '+19216749137', 'math', '2017-10-06 17:02:52', '2017-10-06 17:02:52'),
(99, 'Faye Anderson', '274 Roob Trail Apt. 875\nLake Louveniatown, UT 26984-9899', '+1 (564) 962-0747', 'math', '2017-10-06 17:02:52', '2017-10-06 17:02:52'),
(100, 'Nakia Smitham', '35029 Kiel Radial Suite 004\nCitlalliberg, OH 00694-9842', '964.697.6262 x7263', 'engineering', '2017-10-06 17:02:52', '2017-10-06 17:02:52'),
(101, 'Brady Kerluke', '348 Joanie Prairie\nJanaeburgh, OR 45063-9468', '1-705-913-9780 x039', 'engineering', '2017-10-06 17:02:52', '2017-10-06 17:02:52'),
(102, 'Santa Jaskolski', '22696 Johns Mission Apt. 936\nLake Louisa, TX 34004-5933', '1-798-680-5881 x5668', 'math', '2017-10-06 17:02:52', '2017-10-06 17:02:52'),
(103, 'Maxie Stokes', '559 Bradtke Plaza\nNorth Lonzo, OK 01610-4149', '(442) 258-5421 x758', 'math', '2017-10-06 17:02:52', '2017-10-06 17:02:52'),
(104, 'Xzavier Fisher', '5861 Jedediah Curve Apt. 654\nSouth Vinnie, MS 62078', '(306) 880-0405', 'engineering', '2017-10-06 17:02:52', '2017-10-06 17:02:52'),
(105, 'Mr. Felipe King', '75483 Carroll Haven\nMilanview, OR 75073', '286-801-4053 x414', 'physics', '2017-10-06 17:02:52', '2017-10-06 17:02:52'),
(106, 'Jackson Mraz', '1752 Michaela Throughway Suite 230\nO\'Connerview, FL 30649', '1-672-417-0931', 'physics', '2017-10-06 17:02:52', '2017-10-06 17:02:52'),
(107, 'Macy Kovacek Jr.', '54119 Jacobson Corner\nPort Vestaport, WA 81654', '1-917-785-7765 x83292', 'math', '2017-10-06 17:02:52', '2017-10-06 17:02:52'),
(108, 'Davin Farrell', '79774 Cassidy Fork\nEast Garrisonville, OH 96387', '936-674-2876', 'physics', '2017-10-06 17:02:52', '2017-10-06 17:02:52'),
(109, 'Maurine McKenzie V', '898 Elvera Ramp\nNorth Roosevelt, TX 55698', '(796) 392-2761', 'engineering', '2017-10-06 17:02:52', '2017-10-06 17:02:52'),
(110, 'Serenity Hilll IV', '1237 White Fields Suite 249\nRauberg, NY 01389-5707', '(804) 372-5629 x620', 'engineering', '2017-10-06 17:02:52', '2017-10-06 17:02:52'),
(111, 'Justine Schuppe', '8455 Birdie Roads Suite 330\nMicaelaborough, AZ 18173-1105', '1-652-369-1394', 'math', '2017-10-06 17:02:52', '2017-10-06 17:02:52'),
(112, 'Horacio Hodkiewicz', '71942 Norbert Roads\nLake Salliefort, NM 47437', '559.897.5306 x052', 'physics', '2017-10-06 17:02:52', '2017-10-06 17:02:52'),
(113, 'Kris Bernier', '29875 Shields Expressway Suite 598\nSouth Arvidborough, GA 67351', '717.686.0480', 'physics', '2017-10-06 17:02:52', '2017-10-06 17:02:52'),
(114, 'Herminio Berge', '588 Hartmann Street Suite 740\nDonnellyfort, IN 01882-3300', '1-629-447-3488 x6280', 'engineering', '2017-10-06 17:02:52', '2017-10-06 17:02:52'),
(115, 'Mabel Little', '1394 Paxton Manor Apt. 091\nWest Miguel, CT 91878', '1-335-594-9185 x871', 'math', '2017-10-06 17:02:52', '2017-10-06 17:02:52'),
(116, 'Camille Trantow', '77137 Monserrat Pike Apt. 224\nAshleighton, MD 45351-3508', '950-290-8413 x3368', 'physics', '2017-10-06 17:02:52', '2017-10-06 17:02:52'),
(117, 'Lempi Hickle I', '6149 Gay Shore Suite 950\nRhiannashire, VT 76316', '(637) 601-5678 x3427', 'physics', '2017-10-06 17:02:52', '2017-10-06 17:02:52'),
(118, 'Prof. Nicola Schimmel', '3947 Lisette Bypass Suite 539\nSouth Katharina, NE 59528', '593-636-1815 x1049', 'math', '2017-10-06 17:02:52', '2017-10-06 17:02:52'),
(119, 'Greta Romaguera', '700 Larry Light\nQuigleytown, WA 04010-6260', '838.367.5520 x178', 'physics', '2017-10-06 17:02:52', '2017-10-06 17:02:52'),
(120, 'Ms. Marlene Green Jr.', '956 Audrey Creek\nDeloreshaven, VA 79137', '1-334-485-2496 x18422', 'math', '2017-10-06 17:02:52', '2017-10-06 17:02:52'),
(121, 'Kristin Boyle', '565 Vivien Expressway\nWest Jaylanland, WV 61121', '(854) 974-7556 x4759', 'physics', '2017-10-06 17:02:52', '2017-10-06 17:02:52'),
(122, 'Estevan Huel', '55336 Hamill Circle Apt. 227\nAshlychester, GA 52829-1794', '1-692-622-9036 x7675', 'physics', '2017-10-06 17:02:52', '2017-10-06 17:02:52'),
(123, 'Tyra Huel', '17653 Alanna Islands\nSouth Reynold, WA 50845', '562-220-1803 x85166', 'math', '2017-10-06 17:02:52', '2017-10-06 17:02:52'),
(124, 'Geovany Cummerata', '535 Aglae Mountain Apt. 209\nPricemouth, WY 25345', '+1-878-876-7149', 'engineering', '2017-10-06 17:02:52', '2017-10-06 17:02:52'),
(125, 'Mr. Greg Eichmann', '7065 Abbie Place\nPacochaport, SC 01242-6735', '(650) 446-7949 x9928', 'math', '2017-10-06 17:02:52', '2017-10-06 17:02:52'),
(126, 'Karina Nikolaus PhD', '524 Gerlach Parks Apt. 553\nLitteltown, OH 82119', '+1.815.410.1970', 'physics', '2017-10-06 17:02:52', '2017-10-06 17:02:52'),
(127, 'Pinkie Lemke', '101 Stacey Trail\nSouth Ethanland, MI 30438-5401', '(397) 971-4663', 'physics', '2017-10-06 17:02:52', '2017-10-06 17:02:52'),
(128, 'Miss Antoinette Kub III', '126 Weber Club\nNew Florianmouth, ID 16048', '446-951-4067', 'math', '2017-10-06 17:02:52', '2017-10-06 17:02:52'),
(129, 'Dr. Jordan Feeney MD', '53472 Abshire Ferry Apt. 131\nLoisfurt, NH 40286', '(202) 942-0825', 'physics', '2017-10-06 17:02:52', '2017-10-06 17:02:52'),
(130, 'Miss Lori Donnelly', '57748 Jaylan Island\nSouth Rodolfo, KY 08388-4912', '(313) 594-0935 x02283', 'math', '2017-10-06 17:02:52', '2017-10-06 17:02:52'),
(131, 'Prof. Carmine Bins', '517 Casey Meadows Suite 432\nRossiefort, SD 32344-2461', '747.229.3418', 'math', '2017-10-06 17:02:52', '2017-10-06 17:02:52'),
(132, 'Ms. Linnea Lockman', '4299 Arnoldo Vista\nNorth Krystinafort, MT 20140-3796', '1-918-217-8731 x32105', 'engineering', '2017-10-06 17:02:52', '2017-10-06 17:02:52'),
(133, 'Miss Leilani Grady', '10355 Marilyne Curve\nLake Wilhelm, AR 64742-1318', '(321) 789-7564 x342', 'engineering', '2017-10-06 17:02:52', '2017-10-06 17:02:52'),
(134, 'Alessia Schinner I', '328 Hartmann Stravenue\nWest Abigailberg, CO 91882', '+17578243076', 'engineering', '2017-10-06 17:02:52', '2017-10-06 17:02:52'),
(135, 'Evans Kilback', '80791 Goldner Mountain\nWest Eunafort, HI 76145', '865-477-5790', 'physics', '2017-10-06 17:02:52', '2017-10-06 17:02:52'),
(136, 'Prof. Ansley Stracke', '7831 Aurelio Isle Suite 150\nJailynfurt, FL 79761-7234', '467-914-9796 x010', 'physics', '2017-10-06 17:02:52', '2017-10-06 17:02:52'),
(137, 'Dr. Mayra Anderson', '8910 O\'Keefe Crescent\nDaynahaven, ME 11361-9432', '860-640-1232 x6763', 'physics', '2017-10-06 17:02:52', '2017-10-06 17:02:52'),
(138, 'Margarita Ziemann', '7545 Dibbert Expressway\nLake Marlene, MI 76242', '+1.368.245.1867', 'math', '2017-10-06 17:02:52', '2017-10-06 17:02:52'),
(139, 'Peter Satterfield', '612 Meda Bypass\nSouth Josefaburgh, KS 16484-9106', '346-226-7144 x288', 'engineering', '2017-10-06 17:02:52', '2017-10-06 17:02:52'),
(140, 'Lester Will', '8995 Huels Square\nCronintown, MD 49395', '970.653.2601', 'engineering', '2017-10-06 17:02:52', '2017-10-06 17:02:52'),
(141, 'Marcelo Simonis', '340 Jerrod Fall\nPort Wilford, TN 44698-6634', '843.969.1683 x3333', 'engineering', '2017-10-06 17:02:52', '2017-10-06 17:02:52'),
(142, 'Jeanne Pagac', '9080 Daniella Dam\nNorth Trevor, IL 51102-8517', '(436) 885-9201', 'math', '2017-10-06 17:02:52', '2017-10-06 17:02:52'),
(143, 'Prof. Rickie Rutherford', '7981 Ryder Lake Suite 655\nSouth Shawn, VA 92222', '513.736.9771', 'math', '2017-10-06 17:02:52', '2017-10-06 17:02:52'),
(144, 'Lyla Satterfield', '4870 Laisha Mission\nWaelchishire, MO 16089', '(417) 905-8734', 'physics', '2017-10-06 17:02:52', '2017-10-06 17:02:52'),
(145, 'Mrs. Antonia Raynor IV', '38639 Dooley Grove\nNorth Donnie, MA 62404-0505', '1-951-633-7293 x241', 'math', '2017-10-06 17:02:52', '2017-10-06 17:02:52'),
(146, 'Mrs. Liliana Beahan', '3085 Conroy Radial Apt. 205\nAndrewside, WA 49723', '(551) 319-3728 x2164', 'math', '2017-10-06 17:02:52', '2017-10-06 17:02:52'),
(147, 'Kade Erdman', '26343 Fisher Throughway\nShakiraside, WV 42002-2497', '(294) 950-6030 x38394', 'engineering', '2017-10-06 17:02:52', '2017-10-06 17:02:52'),
(148, 'Chelsea Mann', '90804 Davis Flat\nSouth Martaton, MN 39645', '379-481-2452', 'physics', '2017-10-06 17:02:52', '2017-10-06 17:02:52'),
(149, 'Brennon Jacobi', '60307 Vandervort Route\nPort Claireburgh, ND 80911-6131', '760-546-9416', 'math', '2017-10-06 17:02:52', '2017-10-06 17:02:52'),
(150, 'Marielle Connelly', '3421 Joel Mall\nGaylordfurt, NH 87575', '+1 (768) 942-1450', 'physics', '2017-10-06 17:02:52', '2017-10-06 17:02:52'),
(151, 'Loyce Heathcote', '40398 Kub Summit Apt. 892\nLake Ramonabury, MD 13157-9586', '278.293.8120', 'engineering', '2017-10-06 17:02:52', '2017-10-06 17:02:52'),
(152, 'Miss Bernadette Torp', '75387 Nelda Vista Apt. 279\nCronaport, FL 00084', '(645) 312-4372', 'math', '2017-10-06 17:02:52', '2017-10-06 17:02:52'),
(153, 'Alverta Zemlak', '4283 Jermain Estates\nWest Casimir, KS 57600', '389-416-8402', 'math', '2017-10-06 17:02:52', '2017-10-06 17:02:52'),
(154, 'Giles Legros', '783 Gust Meadows\nMayeview, ND 68103-3379', '+1.961.230.8428', 'math', '2017-10-06 17:02:52', '2017-10-06 17:02:52'),
(155, 'Jailyn Collins', '2603 Mertz Gardens\nGulgowskiburgh, CO 79382', '(343) 200-7516 x41747', 'engineering', '2017-10-06 17:02:52', '2017-10-06 17:02:52'),
(156, 'Jonatan Walker', '4234 Jermain Trail Suite 992\nSouth Rebeca, NV 70857-8260', '(737) 442-5365 x97427', 'math', '2017-10-06 17:02:52', '2017-10-06 17:02:52'),
(157, 'Mr. Jalen Dibbert', '874 Renner Oval\nHilllstad, CA 76616', '(392) 808-6194 x4273', 'engineering', '2017-10-06 17:02:52', '2017-10-06 17:02:52'),
(158, 'Devon Bahringer', '1828 Gulgowski Fort Apt. 190\nCollierfurt, MO 94124', '480-932-0930', 'physics', '2017-10-06 17:02:52', '2017-10-06 17:02:52'),
(159, 'Genevieve Hansen', '731 Kaycee Mount\nSouth Zackhaven, NC 15617-7550', '246-619-5238', 'math', '2017-10-06 17:02:52', '2017-10-06 17:02:52'),
(160, 'Mr. Gavin Purdy III', '998 Gerlach Drive Apt. 283\nLake Wilhelmine, TX 46500', '201.835.0886 x3017', 'math', '2017-10-06 17:02:52', '2017-10-06 17:02:52'),
(161, 'Anissa Emmerich', '726 Desiree Fords Suite 453\nEast Allenefort, OH 78163', '(857) 487-4076 x0328', 'physics', '2017-10-06 17:02:52', '2017-10-06 17:02:52'),
(162, 'Sanford Runolfsson', '26464 Steuber Springs\nNorth Eda, AR 48464', '1-408-977-9031', 'physics', '2017-10-06 17:02:52', '2017-10-06 17:02:52'),
(163, 'Taurean Flatley I', '889 Kaci Islands Apt. 126\nSchmittstad, GA 13532', '1-395-754-8496', 'math', '2017-10-06 17:02:52', '2017-10-06 17:02:52'),
(164, 'Theresia Bahringer Sr.', '879 Kallie Curve\nLake Cordiabury, IN 42833-0386', '610-403-0058 x6687', 'engineering', '2017-10-06 17:02:52', '2017-10-06 17:02:52'),
(165, 'Ms. Kellie Zulauf', '4940 Gus Centers Apt. 637\nNew Freddy, MD 50059', '1-623-737-6802 x7780', 'math', '2017-10-06 17:02:52', '2017-10-06 17:02:52'),
(166, 'Mr. Haskell Huels', '54414 Sammie Knolls\nLangworthview, PA 27520', '642.200.5931', 'physics', '2017-10-06 17:02:52', '2017-10-06 17:02:52'),
(167, 'Moises Bernier', '31117 Janessa Terrace Suite 686\nSigurdborough, AK 65208', '+1.265.822.2339', 'engineering', '2017-10-06 17:02:52', '2017-10-06 17:02:52'),
(168, 'Dr. Neva Powlowski III', '730 Bernadette Route Suite 164\nVonRuedenburgh, PA 25140-2603', '329-203-1592 x9239', 'engineering', '2017-10-06 17:02:52', '2017-10-06 17:02:52'),
(169, 'Lesly Berge', '6698 Auer Shores Apt. 441\nHahnberg, ME 77046-2856', '208.640.4944', 'physics', '2017-10-06 17:02:52', '2017-10-06 17:02:52'),
(170, 'Dr. Mikel Cronin', '527 Arnaldo Track\nNorth Esperanzaport, SD 27593', '1-676-228-8466 x4606', 'physics', '2017-10-06 17:02:52', '2017-10-06 17:02:52'),
(171, 'Mr. Larry Keebler DDS', '75833 Felipa Parks\nNorth Jovanystad, CA 77532', '410.583.7254', 'math', '2017-10-06 17:02:52', '2017-10-06 17:02:52'),
(172, 'Dr. Lola Berge', '646 Lockman Estates Apt. 666\nEast Stevefurt, IA 09770-9502', '(857) 724-1842', 'math', '2017-10-06 17:02:52', '2017-10-06 17:02:52'),
(173, 'Dr. Davin Fritsch', '805 Nikolaus Curve Suite 656\nSouth Freida, IA 36550-3911', '1-376-368-6028 x4199', 'engineering', '2017-10-06 17:02:52', '2017-10-06 17:02:52'),
(174, 'Aric Blick', '460 Parisian Course Suite 841\nWest Sadie, RI 78747', '619-270-3479 x36168', 'math', '2017-10-06 17:02:52', '2017-10-06 17:02:52'),
(175, 'Mrs. Lillian Conroy', '70426 Kautzer Canyon\nGradyton, GA 12777-3167', '(423) 914-2440 x581', 'engineering', '2017-10-06 17:02:52', '2017-10-06 17:02:52'),
(176, 'Agustin Stiedemann', '108 Bradtke Isle Suite 414\nDickinsonland, UT 22453-0692', '1-971-472-6279', 'engineering', '2017-10-06 17:02:52', '2017-10-06 17:02:52'),
(177, 'Mr. Christian Fahey', '50560 Imani Mews\nLake Kristofer, LA 16251', '+1 (357) 857-0983', 'math', '2017-10-06 17:02:52', '2017-10-06 17:02:52'),
(178, 'Gwendolyn Ledner', '67022 Bashirian Overpass Apt. 243\nWest Rossport, AK 91228-8318', '(987) 928-2009', 'math', '2017-10-06 17:02:52', '2017-10-06 17:02:52'),
(179, 'Kelsi Bode', '676 Flatley Stream Suite 394\nWaltermouth, SD 09542-5879', '+1.334.938.2522', 'math', '2017-10-06 17:02:52', '2017-10-06 17:02:52'),
(180, 'Prof. Jarrell Howe', '35558 Orn Trafficway\nNew Laurine, IL 21677', '897.277.7656 x9768', 'engineering', '2017-10-06 17:02:52', '2017-10-06 17:02:52'),
(181, 'Tabitha O\'Kon', '646 Gaylord Squares Apt. 859\nDickensport, NM 61376', '+1.441.894.0045', 'physics', '2017-10-06 17:02:52', '2017-10-06 17:02:52'),
(182, 'Alvis Moen', '68264 Kuvalis Centers Apt. 012\nKonopelskitown, MD 04339-8771', '+1 (460) 580-5193', 'math', '2017-10-06 17:02:52', '2017-10-06 17:02:52'),
(183, 'Marisa Collier', '7134 Elwyn Cove\nArneland, NY 18132', '(448) 256-2608', 'engineering', '2017-10-06 17:02:52', '2017-10-06 17:02:52'),
(184, 'Martine Lesch DDS', '83208 Breitenberg Shores\nPort Raulville, GA 81764-4738', '307-477-2648 x93303', 'math', '2017-10-06 17:02:52', '2017-10-06 17:02:52'),
(185, 'Kian Spencer', '4897 Concepcion Curve Apt. 940\nBartolettiberg, DE 72733', '742.918.0740', 'math', '2017-10-06 17:02:52', '2017-10-06 17:02:52'),
(186, 'Burdette Cremin', '50894 Lindsay Vista\nAvaberg, OK 07918-6108', '569.270.3616 x05790', 'engineering', '2017-10-06 17:02:52', '2017-10-06 17:02:52'),
(187, 'America Lemke', '4727 Quentin Valley\nEverardoville, WI 09830-9038', '575.795.9440', 'engineering', '2017-10-06 17:02:52', '2017-10-06 17:02:52'),
(188, 'Miss Jacklyn Halvorson', '875 Karson Greens\nJovanshire, MO 58656', '538-733-8982 x932', 'math', '2017-10-06 17:02:52', '2017-10-06 17:02:52'),
(189, 'Mina Spencer', '29674 Lesley Burgs Apt. 723\nWest Araceli, TX 07058', '+1-695-636-1780', 'physics', '2017-10-06 17:02:52', '2017-10-06 17:02:52'),
(190, 'Cleveland Kiehn', '2734 Audreanne Brook\nMurazikview, KS 09288-4395', '417-640-9093 x98575', 'math', '2017-10-06 17:02:52', '2017-10-06 17:02:52'),
(191, 'Dr. Ron Windler III', '28524 Schamberger Points\nLunaville, KY 86776-1708', '1-587-260-5702', 'math', '2017-10-06 17:02:52', '2017-10-06 17:02:52'),
(192, 'Savanah Schroeder', '592 Legros Springs Apt. 456\nLake Stanleyfurt, MO 05717-6161', '559-249-7423', 'engineering', '2017-10-06 17:02:52', '2017-10-06 17:02:52'),
(193, 'Dr. Newell Keebler MD', '459 Nikko Underpass Suite 402\nToniburgh, WA 46880', '352.553.3418', 'physics', '2017-10-06 17:02:52', '2017-10-06 17:02:52'),
(194, 'Armando Skiles III', '882 Wilford Plains\nRexmouth, OK 61305-1235', '861.402.8870', 'engineering', '2017-10-06 17:02:52', '2017-10-06 17:02:52'),
(195, 'Marcus Upton', '13858 Suzanne Islands Apt. 213\nGislasonmouth, MI 82696', '506-227-0371', 'engineering', '2017-10-06 17:02:52', '2017-10-06 17:02:52'),
(196, 'Prof. Reynold Smith', '7974 Alexandrea Shore\nKelvinfurt, SC 33118', '523.943.6914 x406', 'math', '2017-10-06 17:02:52', '2017-10-06 17:02:52'),
(197, 'Brenda Kessler', '57515 Chloe Lakes\nWest Rustyburgh, NH 60449', '1-371-644-1240', 'math', '2017-10-06 17:02:52', '2017-10-06 17:02:52'),
(198, 'Maureen Veum IV', '89809 Schinner Station\nNew Leonechester, GA 58086', '(676) 607-2486 x9521', 'physics', '2017-10-06 17:02:52', '2017-10-06 17:02:52'),
(199, 'Muriel Hackett', '6529 Donnelly Expressway\nNew Karson, TX 15993', '(298) 806-3926', 'math', '2017-10-06 17:02:52', '2017-10-06 17:02:52'),
(200, 'Kristian Jenkins', '969 Augusta Fall\nWyattbury, AK 33506', '946-814-2046 x06489', 'math', '2017-10-06 17:02:52', '2017-10-06 17:02:52'),
(201, 'Prof. Eulalia Okuneva', '68027 Bosco Curve\nKohlerburgh, OK 86114', '1-831-756-1704 x46160', 'physics', '2017-10-06 17:02:52', '2017-10-06 17:02:52'),
(202, 'Margaret Tillman', '9673 Witting Manor Suite 264\nAleenbury, AK 53968-0741', '+1 (351) 757-2570', 'math', '2017-10-06 17:02:52', '2017-10-06 17:02:52'),
(203, 'Rosalinda Schowalter', '50108 Boehm Valley Apt. 444\nMetzview, NC 24058-0083', '651-637-9183', 'physics', '2017-10-06 17:02:52', '2017-10-06 17:02:52'),
(204, 'Mauricio McClure', '31645 Mraz Locks\nNorth Keltonfort, WY 22229-7571', '659-344-8117 x9526', 'physics', '2017-10-06 17:02:52', '2017-10-06 17:02:52'),
(205, 'Prof. Cordie Moore Jr.', '301 Sabrina Ports Apt. 307\nNorth Mario, OK 54210-5983', '1-564-286-5927 x2328', 'math', '2017-10-06 17:02:52', '2017-10-06 17:02:52'),
(206, 'Aisha Jenkins', '59116 Willa Run\nNew Domenick, TX 63252', '780.918.5928', 'engineering', '2017-10-06 17:02:52', '2017-10-06 17:02:52'),
(207, 'Jane Borer', '523 Silas Plaza\nVioletteside, WV 64290', '(259) 555-3798', 'engineering', '2017-10-06 17:02:52', '2017-10-06 17:02:52'),
(208, 'Ms. Isabel Bergstrom', '8060 Pagac Knolls Apt. 402\nLake Elinor, DE 71898-5223', '1-721-716-8123', 'engineering', '2017-10-06 17:02:52', '2017-10-06 17:02:52'),
(209, 'Agustina Blick', '55260 Giovanna Freeway\nLeslyburgh, NM 69391-1223', '(847) 453-1147', 'physics', '2017-10-06 17:02:52', '2017-10-06 17:02:52'),
(210, 'Gregg Mertz', '53300 Geraldine Court Suite 261\nPort Kaleyview, NV 05525', '335-339-8325 x18014', 'engineering', '2017-10-06 17:02:52', '2017-10-06 17:02:52'),
(211, 'Austen Morissette', '9323 Foster Walks\nMetzview, IA 85861', '1-981-512-4570 x477', 'engineering', '2017-10-06 17:02:52', '2017-10-06 17:02:52'),
(212, 'Marlee Kuhn Jr.', '31708 Miller Squares Apt. 037\nWest Nina, UT 18831-8436', '848.604.8820', 'engineering', '2017-10-06 17:02:52', '2017-10-06 17:02:52'),
(213, 'Prof. Joe Kling Jr.', '82201 Breanna Spurs Apt. 675\nWeissnatburgh, VA 66773-6860', '324.527.8468 x58632', 'math', '2017-10-06 17:02:52', '2017-10-06 17:02:52'),
(214, 'Mrs. Danielle Tromp', '534 Macejkovic Walk Apt. 259\nNew Claud, TX 63719-9488', '1-358-668-6494 x895', 'physics', '2017-10-06 17:02:52', '2017-10-06 17:02:52'),
(215, 'Ilene Gleason', '859 Hayden Ways Apt. 598\nPercytown, WV 28503', '+1-698-587-9042', 'math', '2017-10-06 17:02:52', '2017-10-06 17:02:52'),
(216, 'Bart Muller DDS', '4067 Roma Orchard Apt. 598\nPort Kameronton, MN 53225-6060', '629-808-5573', 'math', '2017-10-06 17:02:52', '2017-10-06 17:02:52'),
(217, 'Prof. Jace Halvorson', '928 Rolando Spring Suite 266\nJulesport, AK 20644-3167', '245.397.8036 x618', 'engineering', '2017-10-06 17:02:52', '2017-10-06 17:02:52'),
(218, 'Hallie Dietrich Sr.', '73334 Brooks Trail Suite 469\nSouth Ayanaborough, WA 23054-9859', '+1-976-602-7384', 'engineering', '2017-10-06 17:02:52', '2017-10-06 17:02:52'),
(219, 'Chaya Smith', '5616 Fisher Walk Suite 037\nLockmanport, OK 26149', '1-994-892-6004', 'engineering', '2017-10-06 17:02:52', '2017-10-06 17:02:52'),
(220, 'Eloy Towne', '3340 Jewel Island\nNorth Marquis, SD 51407-4069', '(684) 616-6796 x806', 'math', '2017-10-06 17:02:52', '2017-10-06 17:02:52'),
(221, 'Gabriella Hermann', '4793 Sierra Green\nLake Toneystad, SC 62249', '230.821.9638', 'physics', '2017-10-06 17:02:52', '2017-10-06 17:02:52'),
(222, 'Herbert Dickens', '2336 Klein Estate\nNew Caitlynshire, MA 88134-8339', '632.727.0153', 'physics', '2017-10-06 17:02:52', '2017-10-06 17:02:52'),
(223, 'Tony Kunde', '334 Schaefer Glens\nSouth Emile, KS 67610', '369-834-4434 x864', 'physics', '2017-10-06 17:02:52', '2017-10-06 17:02:52'),
(224, 'Jaron Smith Jr.', '4904 Emmerich Rest Suite 367\nReymundostad, NC 10649', '941.272.9627', 'engineering', '2017-10-06 17:02:52', '2017-10-06 17:02:52'),
(225, 'Jettie Yundt', '29810 Kerluke Parkway Apt. 474\nPort Katelynn, TN 84594', '345-771-0180 x931', 'engineering', '2017-10-06 17:02:52', '2017-10-06 17:02:52'),
(226, 'Leora Lakin', '7662 Lessie Falls\nMarcelside, NH 94154-6618', '378-683-5186', 'math', '2017-10-06 17:02:52', '2017-10-06 17:02:52'),
(227, 'Ms. Verona Schuster II', '5343 Cale Lock Suite 143\nTerrillberg, NH 61363-5434', '+1 (336) 753-4160', 'engineering', '2017-10-06 17:02:52', '2017-10-06 17:02:52'),
(228, 'Victor Smith', '162 Rico Road Suite 286\nShanelside, TN 40963', '+1-690-972-3787', 'physics', '2017-10-06 17:02:52', '2017-10-06 17:02:52'),
(229, 'Iliana Stark', '7112 Enid Neck\nOthaberg, SC 47617', '(739) 723-2084 x266', 'math', '2017-10-06 17:02:52', '2017-10-06 17:02:52'),
(230, 'Dr. Elna Effertz Jr.', '91658 Moriah Lodge\nEast Cornell, NC 17071-6260', '1-775-906-9127 x8222', 'math', '2017-10-06 17:02:52', '2017-10-06 17:02:52'),
(231, 'Roberta Douglas', '319 McDermott Meadow\nNorth Mollyhaven, IA 93320-5715', '828.630.3736 x297', 'math', '2017-10-06 17:02:52', '2017-10-06 17:02:52'),
(232, 'Sibyl Oberbrunner', '2854 Schinner Knoll Apt. 628\nWest Benjaminland, ND 43904', '697-821-5397 x86404', 'math', '2017-10-06 17:02:52', '2017-10-06 17:02:52'),
(233, 'Neoma Mosciski', '30625 Wunsch Path\nTurcotteberg, AR 74420-5125', '456-404-7732 x7365', 'engineering', '2017-10-06 17:02:52', '2017-10-06 17:02:52'),
(234, 'Prof. Bernardo McClure V', '3856 Beer Stravenue Suite 929\nJoanyfurt, NJ 57649-5903', '(286) 204-8430', 'engineering', '2017-10-06 17:02:52', '2017-10-06 17:02:52'),
(235, 'Wilhelmine Lowe', '8700 Aurore Meadow Apt. 675\nGailview, CA 11843-3459', '1-556-306-3731 x04397', 'math', '2017-10-06 17:02:52', '2017-10-06 17:02:52'),
(236, 'Dr. Chanel Leffler V', '84541 Dandre Pass\nLake Kipburgh, SC 13873', '647-658-1122', 'engineering', '2017-10-06 17:02:52', '2017-10-06 17:02:52'),
(237, 'Lysanne Willms', '170 Verlie Unions\nMarysemouth, ME 51482-1525', '518-321-7014 x37805', 'math', '2017-10-06 17:02:52', '2017-10-06 17:02:52'),
(238, 'Elissa Abbott', '162 Jillian Spring\nWest Destintown, AR 44199', '1-816-494-8302', 'math', '2017-10-06 17:02:52', '2017-10-06 17:02:52'),
(239, 'Ms. Destini Jerde DDS', '679 Jerrod Via Apt. 567\nJacyntheville, NC 75596-7816', '208-213-3271', 'math', '2017-10-06 17:02:52', '2017-10-06 17:02:52'),
(240, 'Furman Aufderhar', '858 Nia Canyon\nPacochaville, AR 20506', '497-224-6855', 'physics', '2017-10-06 17:02:52', '2017-10-06 17:02:52'),
(241, 'Maude Barton MD', '5728 Erdman Center Apt. 013\nPredovicchester, FL 75807', '(365) 441-0765 x0624', 'math', '2017-10-06 17:02:52', '2017-10-06 17:02:52'),
(242, 'Asia Bruen', '617 Alisha Islands Apt. 951\nNew Ernatown, AL 38696-7909', '1-916-365-2337 x0783', 'physics', '2017-10-06 17:02:52', '2017-10-06 17:02:52'),
(243, 'Bartholome Skiles', '9922 Franecki Hill Apt. 729\nWest Gilda, IN 02915-5123', '(803) 299-4530 x8214', 'math', '2017-10-06 17:02:52', '2017-10-06 17:02:52'),
(244, 'Janie Kertzmann', '73181 Konopelski Station\nEast Sierraton, NY 68047', '+16369795470', 'math', '2017-10-06 17:02:52', '2017-10-06 17:02:52'),
(245, 'Alivia Jakubowski', '6710 Logan Rest Suite 874\nThereseland, IL 72523-5384', '+1-661-707-4856', 'math', '2017-10-06 17:02:52', '2017-10-06 17:02:52'),
(246, 'Georgette Rippin I', '8808 Juanita Square Apt. 379\nVeumfort, SD 70468-8867', '792-682-5631 x926', 'math', '2017-10-06 17:02:52', '2017-10-06 17:02:52'),
(247, 'Maximillian Schumm', '815 Clementine Brook\nLake Noah, CA 46212', '(754) 666-6589', 'physics', '2017-10-06 17:02:52', '2017-10-06 17:02:52'),
(248, 'Eusebio Powlowski DDS', '80355 Barbara Walks Suite 091\nEast Donna, NY 58028', '294.340.3039 x54678', 'math', '2017-10-06 17:02:52', '2017-10-06 17:02:52'),
(249, 'Demario Schimmel', '41345 Gleason Way Apt. 605\nNew Devantefurt, KY 68228', '+18579958132', 'engineering', '2017-10-06 17:02:52', '2017-10-06 17:02:52'),
(250, 'Fletcher Parisian', '75548 Ubaldo Ford Suite 064\nNorth Arielle, OR 86529', '+1-283-819-9526', 'math', '2017-10-06 17:02:52', '2017-10-06 17:02:52'),
(251, 'Mrs. Aliyah Rutherford', '34964 Alvera Square\nNew Margret, NC 58215', '1-756-981-5391 x1977', 'math', '2017-10-06 17:02:52', '2017-10-06 17:02:52'),
(252, 'Ebba Lueilwitz', '4717 Bernier Burgs\nD\'Amoreburgh, OH 63528', '883-277-6887 x3551', 'physics', '2017-10-06 17:02:52', '2017-10-06 17:02:52'),
(253, 'Jillian Okuneva Sr.', '5448 Kihn Viaduct Suite 932\nRohanburgh, GA 02875', '+1-392-904-1644', 'physics', '2017-10-06 17:02:52', '2017-10-06 17:02:52'),
(254, 'Dr. Reta Reichert Sr.', '5993 Swift Stream\nRozellaberg, RI 17096-2501', '(790) 597-4842 x3801', 'math', '2017-10-06 17:02:52', '2017-10-06 17:02:52'),
(255, 'Hardy Reynolds', '950 Konopelski Passage Suite 414\nFarrellland, WA 28702-4782', '312.260.8722 x979', 'physics', '2017-10-06 17:02:52', '2017-10-06 17:02:52'),
(256, 'Prof. Bridie Turner', '4685 Narciso Fall Suite 580\nSouth King, MN 36279', '+14747468289', 'engineering', '2017-10-06 17:02:52', '2017-10-06 17:02:52'),
(257, 'Kiana Kerluke', '776 Alysson Underpass Apt. 186\nKulasville, MO 15801-0421', '669-557-3551 x53324', 'math', '2017-10-06 17:02:52', '2017-10-06 17:02:52'),
(258, 'Dr. Zechariah Simonis', '6219 Muller Ridge Apt. 572\nDaveton, WV 13854-0862', '810.747.8733 x669', 'math', '2017-10-06 17:02:52', '2017-10-06 17:02:52'),
(259, 'Osborne Jacobi MD', '65927 Liam Grove\nPagactown, AK 09055-9563', '664-798-8772', 'physics', '2017-10-06 17:02:52', '2017-10-06 17:02:52'),
(260, 'Dell Lakin Sr.', '287 Alexandrine Trafficway Apt. 278\nNew Colten, NC 45780-4395', '427.847.6828 x73289', 'math', '2017-10-06 17:02:52', '2017-10-06 17:02:52'),
(261, 'Adolphus Waters', '18395 Xavier Ferry Suite 955\nNorth Margret, WA 96962-4567', '1-460-491-6705 x793', 'engineering', '2017-10-06 17:02:52', '2017-10-06 17:02:52'),
(262, 'Brock Koepp', '8587 Gianni Mills Apt. 049\nPeterbury, DC 13896-2124', '701-316-7719', 'math', '2017-10-06 17:02:52', '2017-10-06 17:02:52'),
(263, 'Monserrate Rutherford PhD', '10585 Kuhic Walks Apt. 066\nWest Luz, MT 15033', '(887) 639-8686', 'math', '2017-10-06 17:02:52', '2017-10-06 17:02:52'),
(264, 'Darian Crona', '214 Lisa Parks Suite 742\nNew Madalineberg, MO 32562', '1-959-277-5547 x3222', 'engineering', '2017-10-06 17:02:52', '2017-10-06 17:02:52'),
(265, 'Dr. Orland Maggio', '890 Ruthie Corner\nPort Zanemouth, DE 05431', '+1-832-671-2286', 'engineering', '2017-10-06 17:02:52', '2017-10-06 17:02:52'),
(266, 'Miss Bernice McCullough', '784 Myles Forks Apt. 067\nNikkiview, VA 64087', '1-935-228-6751 x249', 'math', '2017-10-06 17:02:52', '2017-10-06 17:02:52'),
(267, 'Archibald Cremin', '366 Garret Shoal\nEast Juliet, FL 06203', '+1.470.685.2830', 'math', '2017-10-06 17:02:52', '2017-10-06 17:02:52'),
(268, 'Jackson Witting', '524 Kautzer Mountain\nPacochafort, FL 77193-0651', '+1.920.613.2654', 'physics', '2017-10-06 17:02:52', '2017-10-06 17:02:52'),
(269, 'Mrs. Sonya Veum', '2083 Toy Junction\nArliehaven, NJ 85596', '+1-886-268-1690', 'math', '2017-10-06 17:02:52', '2017-10-06 17:02:52'),
(270, 'Maximo Gottlieb DDS', '71487 Casper Lodge Apt. 633\nSouth Jalenville, MD 27315', '1-986-352-1008 x759', 'engineering', '2017-10-06 17:02:52', '2017-10-06 17:02:52'),
(271, 'Mr. Mckenzie Jacobi', '930 Guadalupe Points Apt. 494\nMeghanmouth, WA 88384', '1-560-955-0529 x68006', 'engineering', '2017-10-06 17:02:52', '2017-10-06 17:02:52'),
(272, 'Ferne Skiles', '8022 O\'Conner Alley Suite 254\nWest Dusty, NY 55745', '415-575-6512', 'physics', '2017-10-06 17:02:52', '2017-10-06 17:02:52'),
(273, 'Favian Prosacco', '65380 Considine Cliff\nTrompshire, MT 57484', '(386) 632-6493 x0979', 'engineering', '2017-10-06 17:02:52', '2017-10-06 17:02:52'),
(274, 'Anibal Jacobs', '3914 Cronin Harbor\nAylinmouth, AL 51066-0923', '+1-757-791-7003', 'engineering', '2017-10-06 17:02:52', '2017-10-06 17:02:52'),
(275, 'Rosalind Gislason III', '3470 Seth Vista Apt. 470\nKennystad, TX 62930-5542', '841.821.0838 x8937', 'physics', '2017-10-06 17:02:52', '2017-10-06 17:02:52'),
(276, 'Shayne Towne', '9893 Jones Walk Apt. 194\nTheronchester, IN 55467-2238', '252-427-2477 x09348', 'math', '2017-10-06 17:02:52', '2017-10-06 17:02:52'),
(277, 'Tiara Mills', '73138 Jarrett Rest\nIgnacioborough, TN 52330', '1-959-371-9343 x38889', 'math', '2017-10-06 17:02:52', '2017-10-06 17:02:52'),
(278, 'Ignacio Kuvalis', '9604 Tiffany Shore Suite 236\nShaunshire, AZ 98453-5372', '(501) 550-8056 x25955', 'math', '2017-10-06 17:02:52', '2017-10-06 17:02:52'),
(279, 'Prof. Saul O\'Connell', '6235 Domenica Trace\nZemlakmouth, MI 37061-6436', '589.976.9821', 'engineering', '2017-10-06 17:02:52', '2017-10-06 17:02:52'),
(280, 'Anjali Kilback', '6759 Altenwerth Summit\nEast Madyson, ND 58992-4674', '565-535-7859 x46050', 'math', '2017-10-06 17:02:52', '2017-10-06 17:02:52'),
(281, 'Quincy Schumm PhD', '645 Edythe Overpass\nJaskolskiburgh, AR 73855-5234', '1-389-734-1769 x246', 'engineering', '2017-10-06 17:02:52', '2017-10-06 17:02:52'),
(282, 'Beryl Gorczany', '536 Anais Mountains Suite 182\nEast Makennabury, SC 46866', '1-565-332-0835', 'physics', '2017-10-06 17:02:52', '2017-10-06 17:02:52'),
(283, 'Mekhi Stehr', '79107 Bradtke Stream\nNew Solon, AK 09112', '413-922-2545', 'math', '2017-10-06 17:02:52', '2017-10-06 17:02:52'),
(284, 'Lilyan Hintz', '952 Lehner Manor\nEmmyshire, CA 99469', '316.730.5226 x5050', 'math', '2017-10-06 17:02:52', '2017-10-06 17:02:52'),
(285, 'Mr. Gerald Jones', '67812 Oran Ports\nEichmannhaven, CT 54474-8145', '572-527-7823 x2269', 'math', '2017-10-06 17:02:52', '2017-10-06 17:02:52'),
(286, 'Imelda Johnson II', '254 Elza Greens\nSouth Jamarcus, NC 27848-3911', '361.821.7465 x6617', 'physics', '2017-10-06 17:02:52', '2017-10-06 17:02:52'),
(287, 'Viva Schoen', '4855 Leonie Crossing Suite 630\nStefanbury, ME 96480', '468-441-5878 x207', 'engineering', '2017-10-06 17:02:52', '2017-10-06 17:02:52'),
(288, 'Zoey Langosh DDS', '4961 Schuppe Locks Suite 131\nChaunceyhaven, KY 41433', '382.686.1649', 'physics', '2017-10-06 17:02:52', '2017-10-06 17:02:52'),
(289, 'Lance Aufderhar', '41302 Barton Radial Suite 141\nHoegerchester, TX 29123-9228', '+1-875-250-6569', 'physics', '2017-10-06 17:02:52', '2017-10-06 17:02:52'),
(290, 'Tyreek Rice DVM', '6145 Hermann Track Apt. 777\nSouth Glenport, KY 06036-0190', '1-415-634-8556 x21795', 'physics', '2017-10-06 17:02:52', '2017-10-06 17:02:52'),
(291, 'Ciara Schoen', '99733 Bessie Fields Suite 136\nAldenton, CO 74994-9659', '515.950.1385 x100', 'math', '2017-10-06 17:02:52', '2017-10-06 17:02:52'),
(292, 'Gerda Franecki', '65219 Goldner Corners\nEast Berniecestad, OK 80255', '(684) 228-3854', 'math', '2017-10-06 17:02:52', '2017-10-06 17:02:52'),
(293, 'Aryanna Keeling Jr.', '3906 Mills Ramp Apt. 333\nSouth Angelica, CO 26563', '(306) 251-4596', 'math', '2017-10-06 17:02:52', '2017-10-06 17:02:52'),
(294, 'Morris Hayes', '55003 Orie Point\nPort Vernicetown, IN 95106', '283-432-5380', 'engineering', '2017-10-06 17:02:52', '2017-10-06 17:02:52'),
(295, 'Harley Schimmel', '50728 Stiedemann Club\nAliciafurt, KS 48911-5363', '+1 (864) 481-9696', 'math', '2017-10-06 17:02:52', '2017-10-06 17:02:52'),
(296, 'Alejandrin Harvey', '805 Pfannerstill Stravenue Apt. 885\nVeumbury, WI 77853-3248', '286-976-8265 x3342', 'physics', '2017-10-06 17:02:52', '2017-10-06 17:02:52'),
(297, 'Mrs. Sadie Wehner V', '554 Aric Springs\nLake Kyler, FL 20621-3752', '212.432.7865 x178', 'math', '2017-10-06 17:02:52', '2017-10-06 17:02:52'),
(298, 'Miss Maegan Kshlerin MD', '43753 Evangeline Turnpike Apt. 111\nKilbackshire, CT 30534', '(895) 522-6467', 'engineering', '2017-10-06 17:02:52', '2017-10-06 17:02:52'),
(299, 'Dr. Julia O\'Keefe Jr.', '4129 Sylvia Village Suite 337\nNorth Braxton, SC 66787-3789', '+1.909.422.1936', 'physics', '2017-10-06 17:02:52', '2017-10-06 17:02:52'),
(300, 'Aletha Kilback', '42963 Helene Meadow\nWest Justyn, AK 48312', '817-778-6514 x6369', 'engineering', '2017-10-06 17:02:52', '2017-10-06 17:02:52'),
(301, 'Wellington Krajcik', '151 Emmanuelle Estates Suite 342\nPort Holliestad, CT 12520-3814', '678.795.0264 x260', 'math', '2017-10-06 17:02:52', '2017-10-06 17:02:52'),
(302, 'Aylin Zboncak', '666 Kris Valley Suite 026\nLake Paulinestad, LA 07848-6319', '(987) 623-6004', 'engineering', '2017-10-06 17:02:52', '2017-10-06 17:02:52'),
(303, 'Franz Altenwerth', '13689 Emory Estates\nMorissetteland, WI 51584', '708-756-5894 x3628', 'physics', '2017-10-06 17:02:52', '2017-10-06 17:02:52'),
(304, 'Prof. Juwan Spinka', '5628 Skye Park\nPort Lavada, SD 91580-3492', '536.382.9924', 'math', '2017-10-06 17:02:52', '2017-10-06 17:02:52'),
(305, 'Gail Koss', '37594 Kessler Brook\nSwaniawskiview, IA 91074', '240-892-0821 x394', 'physics', '2017-10-06 17:02:52', '2017-10-06 17:02:52'),
(306, 'Bianka Denesik', '9649 Nelson Crescent\nNicolasbury, MN 21259-4494', '(630) 717-4976 x60337', 'engineering', '2017-10-06 17:02:52', '2017-10-06 17:02:52'),
(307, 'Donna Bauch', '6482 Keeling Ports\nElizabethberg, OH 61293', '(649) 743-1075 x1987', 'engineering', '2017-10-06 17:02:52', '2017-10-06 17:02:52'),
(308, 'Amani Stark', '658 Flo Freeway\nLenniefurt, MO 85016-1511', '210-283-1528 x142', 'physics', '2017-10-06 17:02:52', '2017-10-06 17:02:52'),
(309, 'Prof. Jettie Goyette MD', '45069 Sonya Keys\nLake Vergieville, FL 80516', '268-963-4773 x4696', 'engineering', '2017-10-06 17:02:52', '2017-10-06 17:02:52'),
(310, 'Dr. Beth Reinger III', '8003 Ebert Land Suite 235\nChamplinshire, HI 78053-2473', '+1 (368) 557-1075', 'engineering', '2017-10-06 17:02:52', '2017-10-06 17:02:52'),
(311, 'Skye Cruickshank', '96160 Eden Neck\nSouth Havenville, OR 25554', '+1 (357) 741-6734', 'math', '2017-10-06 17:02:52', '2017-10-06 17:02:52'),
(312, 'Jazmyne Wyman', '89563 Kuphal Squares\nKochbury, NM 34698', '(629) 873-6239', 'physics', '2017-10-06 17:02:52', '2017-10-06 17:02:52'),
(313, 'Alize Jacobi III', '612 Akeem Ferry Suite 917\nDachborough, MI 29829-7084', '+1-701-895-2122', 'math', '2017-10-06 17:02:52', '2017-10-06 17:02:52'),
(314, 'Electa Baumbach', '90179 Tania Mall Apt. 225\nAnabelleside, OR 02406', '625-960-9448 x893', 'engineering', '2017-10-06 17:02:52', '2017-10-06 17:02:52'),
(315, 'Jacinthe Blanda', '7357 Delphine Brooks Suite 782\nMayertburgh, ND 71881', '986-376-2562 x45519', 'engineering', '2017-10-06 17:02:52', '2017-10-06 17:02:52'),
(316, 'Myrtice Macejkovic', '519 Easton Forge Suite 192\nEast Abigalechester, WV 66011-4059', '797-575-2956 x98249', 'engineering', '2017-10-06 17:02:52', '2017-10-06 17:02:52'),
(317, 'Lupe Mills', '4927 Renner Hollow\nBrennaburgh, DE 53144-8172', '861.562.1413 x788', 'math', '2017-10-06 17:02:52', '2017-10-06 17:02:52'),
(318, 'Prof. Lucile Schuppe III', '507 Mikel Junction\nReynoldston, KY 51362', '+1.381.846.2827', 'math', '2017-10-06 17:02:52', '2017-10-06 17:02:52'),
(319, 'Golda Erdman', '729 Gardner Manor Apt. 977\nWest Deshawn, ND 39466', '(750) 369-6476 x1212', 'engineering', '2017-10-06 17:02:52', '2017-10-06 17:02:52'),
(320, 'Polly Walsh', '881 Nichole Ports Apt. 357\nNitzscheshire, SD 51170', '+1-234-316-4959', 'physics', '2017-10-06 17:02:52', '2017-10-06 17:02:52'),
(321, 'Mr. Colby Reynolds', '802 Kihn Union Suite 998\nWalkerview, MD 02224-9544', '505-579-3997', 'engineering', '2017-10-06 17:02:52', '2017-10-06 17:02:52'),
(322, 'Efrain Bogisich I', '936 Corbin Green Suite 148\nWest Tillmanburgh, MS 89788', '1-839-589-2768', 'engineering', '2017-10-06 17:02:52', '2017-10-06 17:02:52');
INSERT INTO `students` (`id`, `name`, `address`, `phone`, `career`, `created_at`, `updated_at`) VALUES
(323, 'Geo Hermann IV', '5766 Bogan Ferry Apt. 224\nAufderharview, AL 33032', '892.892.5115', 'math', '2017-10-06 17:02:52', '2017-10-06 17:02:52'),
(324, 'Blaze Goldner', '193 Klocko Hill\nLake Mckenzie, MA 14986-0164', '546-864-1717', 'math', '2017-10-06 17:02:52', '2017-10-06 17:02:52'),
(325, 'Naomi Anderson', '924 Lou Forks\nEast Moses, CT 39582-0651', '876-422-5393 x58121', 'math', '2017-10-06 17:02:52', '2017-10-06 17:02:52'),
(326, 'Miss Marcelina Littel DDS', '37322 Johnston Field Suite 781\nNew Dinoside, OH 69494-8233', '409.875.8407', 'physics', '2017-10-06 17:02:52', '2017-10-06 17:02:52'),
(327, 'Cary Moore', '4770 Greenfelder Shoal\nSouth Sammyfort, IA 90781', '442-420-5197 x8610', 'math', '2017-10-06 17:02:52', '2017-10-06 17:02:52'),
(328, 'Prof. Edward Dach III', '99147 Maggio Parks\nPort Nelda, HI 69664', '1-561-280-7124', 'physics', '2017-10-06 17:02:52', '2017-10-06 17:02:52'),
(329, 'Dr. Brielle O\'Hara DVM', '437 Heidenreich Corner Suite 800\nFlavieville, NM 67625-4346', '268.439.6081', 'engineering', '2017-10-06 17:02:52', '2017-10-06 17:02:52'),
(330, 'Myrtie Sipes', '643 Vella Shoals\nWest Hillarymouth, TX 75154-1231', '426-976-6739 x77030', 'physics', '2017-10-06 17:02:52', '2017-10-06 17:02:52'),
(331, 'Lonny Osinski', '7239 Sigmund Lodge Apt. 206\nHilpertberg, HI 05258-5262', '1-402-902-0424 x002', 'math', '2017-10-06 17:02:52', '2017-10-06 17:02:52'),
(332, 'Dr. Sharon Fahey', '433 Marta Points\nNew Reagan, IL 91651', '1-927-974-1581 x386', 'engineering', '2017-10-06 17:02:52', '2017-10-06 17:02:52'),
(333, 'Jadyn Mitchell', '889 Mafalda Causeway Suite 029\nUllrichview, VT 37264-1718', '672.717.5086', 'physics', '2017-10-06 17:02:52', '2017-10-06 17:02:52'),
(334, 'Nya Hilpert', '42564 Andreane Dam Suite 517\nGoldnerberg, AK 25444-2071', '+12564433585', 'engineering', '2017-10-06 17:02:52', '2017-10-06 17:02:52'),
(335, 'Lucile Kertzmann', '47315 Hilpert Course Suite 355\nMargueritebury, WA 93172', '246.486.4907', 'math', '2017-10-06 17:02:52', '2017-10-06 17:02:52'),
(336, 'Braxton Olson', '79194 Fisher Terrace\nEast Kipburgh, NM 71391-8965', '482.358.3764 x6543', 'physics', '2017-10-06 17:02:52', '2017-10-06 17:02:52'),
(337, 'Ms. Lilian Schamberger PhD', '88707 Leffler Well Suite 500\nWest Chris, DE 69460-3423', '774.859.0342', 'engineering', '2017-10-06 17:02:52', '2017-10-06 17:02:52'),
(338, 'Aletha Hane', '360 Weissnat Motorway Apt. 898\nWest Yasmine, LA 04108', '1-563-937-9858 x31802', 'physics', '2017-10-06 17:02:52', '2017-10-06 17:02:52'),
(339, 'Eunice Schumm', '52599 Shanny Camp\nRodriguezfurt, ME 52600', '1-640-555-4849 x0550', 'engineering', '2017-10-06 17:02:52', '2017-10-06 17:02:52'),
(340, 'Dr. Austin Veum', '7763 Schmidt Park Apt. 436\nDeckowmouth, FL 50759-7218', '(247) 865-8018 x37665', 'math', '2017-10-06 17:02:52', '2017-10-06 17:02:52'),
(341, 'Prof. Wilmer Emard', '777 Cullen Plains Apt. 989\nGerlachside, MD 38618', '484-275-0658 x52397', 'math', '2017-10-06 17:02:52', '2017-10-06 17:02:52'),
(342, 'Tom Kessler', '7028 Nikolaus Loaf\nGabriellastad, AL 59422-9951', '+13065897355', 'math', '2017-10-06 17:02:52', '2017-10-06 17:02:52'),
(343, 'Dolly Graham', '34018 Rebeka Fork\nBrandtfurt, ND 62268-9995', '446.950.1945 x01796', 'engineering', '2017-10-06 17:02:52', '2017-10-06 17:02:52'),
(344, 'Arturo Cassin', '597 Fritsch Mount Suite 772\nSheilamouth, WA 12936', '(990) 807-9496', 'engineering', '2017-10-06 17:02:52', '2017-10-06 17:02:52'),
(345, 'Dr. Modesto Hodkiewicz I', '65641 Mraz Cliffs\nWilliamsontown, FL 20461', '409.566.2184 x63288', 'physics', '2017-10-06 17:02:52', '2017-10-06 17:02:52'),
(346, 'Leslie Schultz', '717 Horacio Unions Suite 381\nGradyfort, SC 82532-7706', '+1 (236) 585-0636', 'math', '2017-10-06 17:02:52', '2017-10-06 17:02:52'),
(347, 'Jovanny Mraz', '5261 Anabel Meadow\nBatzside, DC 07977-2658', '+1 (993) 332-8737', 'math', '2017-10-06 17:02:52', '2017-10-06 17:02:52'),
(348, 'Rusty Greenfelder', '59329 Monica Rue Apt. 245\nPacochaside, NE 93587-2411', '1-302-770-2951 x359', 'physics', '2017-10-06 17:02:52', '2017-10-06 17:02:52'),
(349, 'Maximus Gislason', '9818 Marlon Shoal\nSchmittland, DC 60751', '741.252.9340', 'math', '2017-10-06 17:02:52', '2017-10-06 17:02:52'),
(350, 'Mariane Mertz', '213 Clifton Lane Apt. 199\nWest Jenaberg, NJ 78002-0942', '281.229.4308 x8359', 'physics', '2017-10-06 17:02:52', '2017-10-06 17:02:52'),
(351, 'Hallie Tromp', '962 Helen Track\nSouth Susana, NY 49155-0228', '205.358.4007 x60569', 'engineering', '2017-10-06 17:02:52', '2017-10-06 17:02:52'),
(352, 'Jerel Denesik I', '52394 Schaefer Spurs Suite 923\nD\'Amoretown, GA 27392', '409.532.0340 x187', 'physics', '2017-10-06 17:02:52', '2017-10-06 17:02:52'),
(353, 'Miss Abbey Kuhic', '3975 Howell Shoal Apt. 909\nSouth Kaycee, MD 92952-6871', '+1.380.212.7185', 'engineering', '2017-10-06 17:02:52', '2017-10-06 17:02:52'),
(354, 'Orlando Kirlin II', '87761 Narciso Ways Apt. 283\nSwifttown, PA 94205', '1-202-233-1170', 'physics', '2017-10-06 17:02:52', '2017-10-06 17:02:52'),
(355, 'Mr. Zachariah Hayes I', '97087 Haag Lane Apt. 802\nSouth Alexane, KS 87163', '221-746-5466 x319', 'math', '2017-10-06 17:02:52', '2017-10-06 17:02:52'),
(356, 'Mrs. Beatrice Hackett DVM', '7936 Leanne Throughway\nGinomouth, FL 23486-8823', '771-704-8749', 'math', '2017-10-06 17:02:52', '2017-10-06 17:02:52'),
(357, 'Precious Sipes', '1257 Rosina Trafficway Suite 211\nSchadenville, VT 70032', '(754) 368-5010 x1976', 'math', '2017-10-06 17:02:52', '2017-10-06 17:02:52'),
(358, 'Hyman Stamm', '2262 Bahringer Ville Suite 355\nGarrickberg, NC 11573', '1-981-397-5210', 'math', '2017-10-06 17:02:52', '2017-10-06 17:02:52'),
(359, 'Mrs. Heidi Wiza', '229 Rebeca Ports Suite 811\nVivaborough, CA 38616', '1-291-330-3805', 'physics', '2017-10-06 17:02:52', '2017-10-06 17:02:52'),
(360, 'Dr. Carmine Watsica PhD', '6647 Elliott Points Suite 986\nVioletteton, DC 28611-1116', '992.523.1223', 'engineering', '2017-10-06 17:02:52', '2017-10-06 17:02:52'),
(361, 'Prof. John Parker', '87408 Howe Run\nHuldachester, SC 51688', '1-490-586-9030', 'engineering', '2017-10-06 17:02:52', '2017-10-06 17:02:52'),
(362, 'Stuart Cummerata DVM', '578 Otto Drive\nHegmannborough, NV 61352-8566', '+1-940-364-2888', 'engineering', '2017-10-06 17:02:52', '2017-10-06 17:02:52'),
(363, 'Abdul Hilll', '93140 Walter Village Suite 075\nBeckerchester, IN 48548-1904', '1-790-871-2854 x81079', 'physics', '2017-10-06 17:02:52', '2017-10-06 17:02:52'),
(364, 'Justine Sporer', '90390 Haley Mount Suite 156\nHilpertmouth, NH 14068-0638', '923.600.3188 x9353', 'physics', '2017-10-06 17:02:52', '2017-10-06 17:02:52'),
(365, 'Prof. Marcelino Brekke', '5327 Bashirian Square\nWest Francesca, NV 60879', '295.529.2981', 'physics', '2017-10-06 17:02:52', '2017-10-06 17:02:52'),
(366, 'Mr. Zachery Shanahan DVM', '802 Florence Path\nMonahanmouth, AZ 41716-7602', '+1-779-527-1063', 'physics', '2017-10-06 17:02:52', '2017-10-06 17:02:52'),
(367, 'Alene Marquardt', '1448 Haven Trafficway Suite 682\nVanessatown, CA 79506', '374.359.6028', 'engineering', '2017-10-06 17:02:52', '2017-10-06 17:02:52'),
(368, 'Lelah Witting', '568 Americo Skyway Apt. 868\nWest Kayamouth, ME 26587-4365', '1-484-492-8010', 'physics', '2017-10-06 17:02:52', '2017-10-06 17:02:52'),
(369, 'Laila Thompson', '8438 Kreiger Valley Suite 635\nSouth Hugh, IA 45225', '849.831.1306 x526', 'engineering', '2017-10-06 17:02:52', '2017-10-06 17:02:52'),
(370, 'Ludie Lindgren', '8279 Oscar Court Suite 050\nSouth Krystinamouth, IL 60901', '+1-805-278-6653', 'math', '2017-10-06 17:02:52', '2017-10-06 17:02:52'),
(371, 'Ms. Ava Corkery II', '21253 Goldner Lake\nLake Thaddeus, LA 39008-9000', '(718) 210-2077', 'math', '2017-10-06 17:02:52', '2017-10-06 17:02:52'),
(372, 'Mr. Dayton Barrows DDS', '7963 Schamberger Alley Suite 859\nWestleyport, MT 48638-3447', '1-850-597-4430 x8926', 'engineering', '2017-10-06 17:02:52', '2017-10-06 17:02:52'),
(373, 'Wallace Watsica II', '4204 Maverick Extensions Apt. 185\nSchultzton, AL 68917', '1-620-566-9827', 'physics', '2017-10-06 17:02:52', '2017-10-06 17:02:52'),
(374, 'Miss Maeve McCullough', '23512 Schaden Unions\nFreedafort, NE 95992-5396', '312-335-0389 x27262', 'math', '2017-10-06 17:02:52', '2017-10-06 17:02:52'),
(375, 'Cullen Runolfsson', '310 Anabelle Underpass Suite 900\nJazmynshire, ND 24540', '471-491-9704', 'engineering', '2017-10-06 17:02:52', '2017-10-06 17:02:52'),
(376, 'Jan Mayer', '694 Schuppe Manor\nSouth Lilliana, WY 90962', '(217) 696-5818 x84756', 'physics', '2017-10-06 17:02:52', '2017-10-06 17:02:52'),
(377, 'Dr. Florida Thiel', '6261 Zola Parkways Suite 760\nLouport, PA 13036-3522', '1-238-593-5028 x1875', 'engineering', '2017-10-06 17:02:52', '2017-10-06 17:02:52'),
(378, 'Adrienne Waters Sr.', '152 Kulas Isle Suite 507\nMadalinemouth, TX 97290', '+1-646-969-9539', 'engineering', '2017-10-06 17:02:52', '2017-10-06 17:02:52'),
(379, 'Izabella Jast', '90787 Alisa Place Suite 982\nWest Tyshawnmouth, WV 12731-7638', '238-338-2898', 'physics', '2017-10-06 17:02:52', '2017-10-06 17:02:52'),
(380, 'Nicolas Beahan', '1190 Smith Island Apt. 427\nEast Robbie, ME 79802', '1-576-747-1606 x90343', 'math', '2017-10-06 17:02:52', '2017-10-06 17:02:52'),
(381, 'Aliyah Weissnat I', '420 Lora Parkways\nPort Alberta, NY 63961', '+1-293-977-4531', 'engineering', '2017-10-06 17:02:52', '2017-10-06 17:02:52'),
(382, 'Precious Weber', '1973 Kennith Corners Apt. 258\nUlicesfurt, NC 74085', '1-975-827-3229', 'engineering', '2017-10-06 17:02:52', '2017-10-06 17:02:52'),
(383, 'Myriam Padberg', '97069 Gutkowski Village Apt. 549\nLake Madie, VT 15809-7013', '954.585.8747 x1155', 'physics', '2017-10-06 17:02:52', '2017-10-06 17:02:52'),
(384, 'Malvina Feest DDS', '59142 Misty Stravenue\nNorth Louisa, CO 03397', '(310) 854-3451', 'physics', '2017-10-06 17:02:52', '2017-10-06 17:02:52'),
(385, 'Keagan Mante', '84113 Jany Brook\nSouth Jeffereyview, IL 80805-9280', '+1-504-646-3701', 'math', '2017-10-06 17:02:52', '2017-10-06 17:02:52'),
(386, 'Priscilla Halvorson', '7492 Stacy Trace\nRosannastad, WV 04865-7817', '+17436372041', 'engineering', '2017-10-06 17:02:52', '2017-10-06 17:02:52'),
(387, 'Mr. Milford Hickle MD', '6998 Kenton Islands Apt. 304\nLake Esteban, MO 65382', '1-893-447-9948', 'math', '2017-10-06 17:02:52', '2017-10-06 17:02:52'),
(388, 'Mr. Alessandro Lesch Jr.', '44256 Hessel Stravenue\nKeshaunview, OR 46906-6133', '784-308-5119 x538', 'engineering', '2017-10-06 17:02:52', '2017-10-06 17:02:52'),
(389, 'Prof. Joesph Kunde', '2289 Stokes Way Apt. 490\nNorth Corrinechester, IA 50064', '(342) 608-3669', 'math', '2017-10-06 17:02:52', '2017-10-06 17:02:52'),
(390, 'Prof. Harmon Greenfelder IV', '3015 Weber Ridge Apt. 062\nEast Eriberto, TX 87838', '+12163055945', 'math', '2017-10-06 17:02:52', '2017-10-06 17:02:52'),
(391, 'Jayme Gerlach', '946 Keeling Springs\nLeliafurt, LA 52256', '1-889-563-0744 x78952', 'engineering', '2017-10-06 17:02:52', '2017-10-06 17:02:52'),
(392, 'Freida Bernhard', '70467 Thiel Common\nSchmelerview, IL 73406-2633', '934.919.0139 x207', 'engineering', '2017-10-06 17:02:52', '2017-10-06 17:02:52'),
(393, 'Stanford Tillman', '675 Bartell Ports\nWinifredchester, SC 44802', '+1-391-332-8633', 'engineering', '2017-10-06 17:02:52', '2017-10-06 17:02:52'),
(394, 'Meagan Boyer', '76168 Bailey Center Suite 301\nDavisville, IN 54960', '+1.248.342.6100', 'engineering', '2017-10-06 17:02:52', '2017-10-06 17:02:52'),
(395, 'Zackery Crooks', '2944 Harber Shoal Apt. 233\nJuanitamouth, VA 89939-3090', '667.234.4012 x632', 'math', '2017-10-06 17:02:52', '2017-10-06 17:02:52'),
(396, 'Leta Walter V', '4741 O\'Reilly Lake\nLake Merlside, HI 64619', '(923) 261-8565 x896', 'engineering', '2017-10-06 17:02:52', '2017-10-06 17:02:52'),
(397, 'Everette Shanahan Sr.', '408 Elouise Summit\nCorkeryview, VA 42465-5233', '1-223-475-3529', 'math', '2017-10-06 17:02:52', '2017-10-06 17:02:52'),
(398, 'Jennyfer Mohr', '69752 Barrows Square\nEast Camillaview, DC 19493', '557.798.2556 x96355', 'engineering', '2017-10-06 17:02:52', '2017-10-06 17:02:52'),
(399, 'Mrs. Phoebe Aufderhar II', '6334 Euna Manor Suite 449\nBergnaumhaven, CT 20842-2302', '481.206.1993 x0376', 'physics', '2017-10-06 17:02:52', '2017-10-06 17:02:52'),
(400, 'Vilma Aufderhar Sr.', '263 Felton Rue\nNorth Gunnarburgh, NC 81572-2055', '859-787-1802', 'math', '2017-10-06 17:02:52', '2017-10-06 17:02:52'),
(401, 'Talia Gutmann', '5441 Cleora Shores Suite 176\nNew Devantefort, IL 69382-3958', '280.291.1377 x84368', 'physics', '2017-10-06 17:02:52', '2017-10-06 17:02:52'),
(402, 'Forest Kshlerin', '5437 Domenica Mountain Apt. 914\nEvaville, MI 33157-3865', '1-501-821-3407', 'engineering', '2017-10-06 17:02:52', '2017-10-06 17:02:52'),
(403, 'Ethel Mayert III', '129 Dach Walk Suite 040\nEast Lowellton, OR 98192', '864-613-1359 x81860', 'math', '2017-10-06 17:02:52', '2017-10-06 17:02:52'),
(404, 'Dr. Magali Armstrong DVM', '671 Cole Divide\nEdwinaberg, KY 08697', '465-849-6611', 'physics', '2017-10-06 17:02:52', '2017-10-06 17:02:52'),
(405, 'Dr. Antonietta Rodriguez', '961 Jerde Pike Suite 575\nFramiburgh, HI 55055-1792', '(926) 283-7533 x550', 'math', '2017-10-06 17:02:52', '2017-10-06 17:02:52'),
(406, 'Norberto Lang', '9760 Lindsay Freeway\nTateville, ME 29127-6884', '(959) 747-2321 x99376', 'engineering', '2017-10-06 17:02:52', '2017-10-06 17:02:52'),
(407, 'Colten Carroll', '3173 Alena Hollow Suite 582\nVolkmanview, ID 14115', '484-740-4587 x637', 'engineering', '2017-10-06 17:02:52', '2017-10-06 17:02:52'),
(408, 'Shanon Nolan', '13105 Altenwerth Haven Suite 193\nPort Zoila, TX 91977', '(403) 331-5685 x954', 'physics', '2017-10-06 17:02:52', '2017-10-06 17:02:52'),
(409, 'Cade Brown', '75677 Jaydon Mountains\nKatrinamouth, WI 51343', '(342) 945-4328 x331', 'math', '2017-10-06 17:02:52', '2017-10-06 17:02:52'),
(410, 'Eleazar Schowalter II', '419 Brown Common\nOrvillemouth, OR 15152', '291-273-6446 x04577', 'physics', '2017-10-06 17:02:52', '2017-10-06 17:02:52'),
(411, 'Rasheed Langosh V', '12280 Delfina Loop Suite 901\nNew Marieton, ME 48761', '(837) 955-1512 x49763', 'math', '2017-10-06 17:02:52', '2017-10-06 17:02:52'),
(412, 'Santa Graham', '21702 Bradtke Square\nNew Kayleehaven, MI 17185', '+1 (372) 751-8015', 'physics', '2017-10-06 17:02:52', '2017-10-06 17:02:52'),
(413, 'Dr. Danial Heathcote IV', '52486 Boyle Oval Apt. 923\nWildermanport, AZ 58929', '+19199342352', 'physics', '2017-10-06 17:02:52', '2017-10-06 17:02:52'),
(414, 'Dr. Carissa Gutmann', '629 Ernser Road Suite 000\nThielville, VA 55651', '+1-767-945-5839', 'physics', '2017-10-06 17:02:52', '2017-10-06 17:02:52'),
(415, 'Kayley Hansen', '12900 Lebsack Harbor Apt. 152\nBoyerburgh, ID 16525', '+1-341-632-4839', 'engineering', '2017-10-06 17:02:52', '2017-10-06 17:02:52'),
(416, 'Alta Klein MD', '68954 Macejkovic Land\nDanikastad, NC 83771', '+1-693-328-0621', 'engineering', '2017-10-06 17:02:52', '2017-10-06 17:02:52'),
(417, 'Kody Bode', '99241 Gislason Roads Apt. 171\nTillmanfurt, ME 93622-4501', '+1.249.539.8697', 'engineering', '2017-10-06 17:02:52', '2017-10-06 17:02:52'),
(418, 'Ansley Mueller', '241 Kovacek Bypass Suite 906\nSouth Vicky, OH 14954', '+1.901.905.6627', 'engineering', '2017-10-06 17:02:52', '2017-10-06 17:02:52'),
(419, 'Mr. Tod Bechtelar II', '70820 Kennedi Via Apt. 748\nNew Gabriella, AL 23118', '880-488-3913 x213', 'math', '2017-10-06 17:02:52', '2017-10-06 17:02:52'),
(420, 'Dr. Kendall Feest', '7009 Stiedemann Well Apt. 527\nSouth Marcel, TX 60198', '+1 (725) 696-8862', 'math', '2017-10-06 17:02:52', '2017-10-06 17:02:52'),
(421, 'Micheal Wolf', '388 West Track Suite 176\nNorth Bennie, FL 64053-8124', '+1-292-805-3191', 'physics', '2017-10-06 17:02:52', '2017-10-06 17:02:52'),
(422, 'Wilber Hahn', '763 Frami Turnpike Suite 315\nVanceborough, CA 12736', '(674) 253-4650', 'physics', '2017-10-06 17:02:52', '2017-10-06 17:02:52'),
(423, 'Mrs. Aliyah Orn DVM', '56794 Huel Shore Suite 716\nHilllport, HI 95460', '+1-719-869-4076', 'physics', '2017-10-06 17:02:52', '2017-10-06 17:02:52'),
(424, 'Crystel Kshlerin', '53511 Pfannerstill River\nWest Bryce, TX 28614', '+1 (989) 669-1756', 'engineering', '2017-10-06 17:02:52', '2017-10-06 17:02:52'),
(425, 'Abdiel Legros', '440 Casimir Road Suite 965\nJerrellberg, HI 28646-8277', '+1.852.854.2692', 'physics', '2017-10-06 17:02:52', '2017-10-06 17:02:52'),
(426, 'Jalyn Hermiston', '57657 Kristina Branch Suite 688\nNew Roy, WI 55223-1630', '+1-748-837-2286', 'math', '2017-10-06 17:02:52', '2017-10-06 17:02:52'),
(427, 'Kaleb Murray', '9661 Michel Mall\nPort Arnoldtown, MI 50182', '995-463-4852 x8452', 'math', '2017-10-06 17:02:52', '2017-10-06 17:02:52'),
(428, 'Ayana Gislason', '4268 Eulah Street\nSouth Heberberg, FL 24450-1954', '(435) 646-4567', 'physics', '2017-10-06 17:02:52', '2017-10-06 17:02:52'),
(429, 'Trisha Harvey', '838 Kuhlman Crescent\nTurcottebury, WV 98344', '1-720-442-4666 x25541', 'engineering', '2017-10-06 17:02:52', '2017-10-06 17:02:52'),
(430, 'Margarete Macejkovic', '9445 Reichel Green\nPort Efrenmouth, MA 90590', '(834) 777-6279 x64177', 'physics', '2017-10-06 17:02:52', '2017-10-06 17:02:52'),
(431, 'Joanne McClure', '49830 Hackett Haven\nHoldenshire, AZ 45714', '456-947-5804', 'math', '2017-10-06 17:02:52', '2017-10-06 17:02:52'),
(432, 'Darby Hansen', '3134 Stewart Trail\nWinonafurt, IL 13948-6901', '243-950-0021 x906', 'physics', '2017-10-06 17:02:52', '2017-10-06 17:02:52'),
(433, 'Dr. Paris Jerde V', '7310 Albertha Expressway Apt. 807\nBorermouth, DC 51258', '1-996-522-3132 x6869', 'engineering', '2017-10-06 17:02:52', '2017-10-06 17:02:52'),
(434, 'Asha Boehm', '85597 Howell Plains Suite 353\nWernerport, WA 42360-6474', '(958) 683-2005 x778', 'physics', '2017-10-06 17:02:52', '2017-10-06 17:02:52'),
(435, 'Paolo Thompson', '3128 Curtis Ridge Suite 118\nWest Kenyatta, NM 57858', '+1-616-997-5915', 'engineering', '2017-10-06 17:02:52', '2017-10-06 17:02:52'),
(436, 'Dr. Mckenna Doyle', '82742 Wyman Villages\nJalynmouth, MT 34581', '467.206.1190 x660', 'physics', '2017-10-06 17:02:52', '2017-10-06 17:02:52'),
(437, 'Ms. Loren Cormier', '595 Nathen Square Apt. 573\nSouth Garettton, UT 73478', '1-685-507-3447 x4116', 'physics', '2017-10-06 17:02:52', '2017-10-06 17:02:52'),
(438, 'Elna Greenfelder', '909 Otilia Plaza Apt. 167\nTrevionbury, SD 84288', '856-981-4657', 'engineering', '2017-10-06 17:02:52', '2017-10-06 17:02:52'),
(439, 'Eden Rice', '800 Schowalter Flat\nLake Dolores, GA 89506-7210', '628.569.7202 x75870', 'engineering', '2017-10-06 17:02:52', '2017-10-06 17:02:52'),
(440, 'Izabella Huel', '6904 Cicero Manor Suite 714\nEmmanuellemouth, AR 69653', '253.620.4561 x64376', 'math', '2017-10-06 17:02:52', '2017-10-06 17:02:52'),
(441, 'Mr. Henderson DuBuque Sr.', '151 Ayana Streets\nPort Haylieview, IN 71368', '+1.354.631.2870', 'physics', '2017-10-06 17:02:52', '2017-10-06 17:02:52'),
(442, 'Dr. Geovanny Leuschke Sr.', '66898 Deron Valley Suite 973\nPort Adelbert, WY 18637-1267', '+1 (394) 796-8618', 'math', '2017-10-06 17:02:52', '2017-10-06 17:02:52'),
(443, 'Mittie Walsh', '87600 Murphy Garden Apt. 546\nMyrticeshire, LA 38437-9014', '232-791-1383 x239', 'physics', '2017-10-06 17:02:52', '2017-10-06 17:02:52'),
(444, 'Alejandra Conn', '3609 Gulgowski Brooks\nJannieland, HI 57189-3815', '436.284.9212', 'physics', '2017-10-06 17:02:52', '2017-10-06 17:02:52'),
(445, 'Eve Jakubowski', '147 Kirsten Oval\nLake Cassidyfurt, VT 58508-8197', '+1 (939) 716-5862', 'physics', '2017-10-06 17:02:52', '2017-10-06 17:02:52'),
(446, 'Annabel Kirlin', '4422 Bonnie Wells\nNorth Marvin, MS 49734-4440', '1-804-332-6728 x4700', 'physics', '2017-10-06 17:02:52', '2017-10-06 17:02:52'),
(447, 'Prof. Franz Cummings MD', '568 Floyd Inlet\nCreminchester, NY 71706-5397', '+1-393-725-9156', 'physics', '2017-10-06 17:02:52', '2017-10-06 17:02:52'),
(448, 'Okey Nader', '1482 Barrett Plaza Suite 369\nNew Brandofurt, IL 03191', '1-406-713-8203', 'engineering', '2017-10-06 17:02:52', '2017-10-06 17:02:52'),
(449, 'Oceane Lesch', '142 Lind Bypass\nWest Lydiamouth, MD 86865', '+1-634-340-7528', 'engineering', '2017-10-06 17:02:52', '2017-10-06 17:02:52'),
(450, 'Urban Welch', '5683 Aracely Inlet Suite 693\nLake Larissa, AK 68871-6926', '289-367-4001 x308', 'engineering', '2017-10-06 17:02:52', '2017-10-06 17:02:52'),
(451, 'Kenny Simonis', '1487 Jacey Loaf Apt. 236\nLegrosport, KY 76608-5199', '432.814.9176 x4318', 'engineering', '2017-10-06 17:02:52', '2017-10-06 17:02:52'),
(452, 'Jada Eichmann', '31153 Jody Neck\nMertiehaven, WV 19917', '215-205-3268 x93402', 'math', '2017-10-06 17:02:52', '2017-10-06 17:02:52'),
(453, 'Lucas Balistreri', '89663 Ernser Extensions Apt. 062\nBraunhaven, WI 98480', '(814) 976-1016', 'physics', '2017-10-06 17:02:52', '2017-10-06 17:02:52'),
(454, 'Giovanny Borer', '984 Dach Center Apt. 352\nPort Lawrence, OR 18739-4914', '1-574-978-1357 x54514', 'math', '2017-10-06 17:02:52', '2017-10-06 17:02:52'),
(455, 'Cameron Dooley', '679 Patricia Bypass\nReichertside, WV 98694', '1-668-935-9102', 'physics', '2017-10-06 17:02:52', '2017-10-06 17:02:52'),
(456, 'Grayson Haley', '31539 Bradtke Inlet Suite 799\nLake Evanmouth, DC 97212-0273', '(513) 850-2959 x531', 'physics', '2017-10-06 17:02:52', '2017-10-06 17:02:52'),
(457, 'Ms. Leanna Hauck DDS', '48079 Brannon Run\nCamilaland, MA 71277-8999', '1-738-976-9423 x680', 'physics', '2017-10-06 17:02:52', '2017-10-06 17:02:52'),
(458, 'Nola Boyer', '8432 Elsie Ford\nJacobiberg, DC 66492', '+1.706.826.6405', 'physics', '2017-10-06 17:02:52', '2017-10-06 17:02:52'),
(459, 'Marianne Swift', '78320 Clair Fords\nHeidimouth, ID 41595', '+1 (247) 653-3763', 'physics', '2017-10-06 17:02:52', '2017-10-06 17:02:52'),
(460, 'Prof. Duncan Rice DDS', '7922 Dominique Burgs\nEast Arvelberg, VA 29035', '(447) 858-4610', 'math', '2017-10-06 17:02:52', '2017-10-06 17:02:52'),
(461, 'Elyssa Lindgren', '9930 Dickens Points\nLake Roselynland, AR 33416', '(476) 605-3511', 'engineering', '2017-10-06 17:02:52', '2017-10-06 17:02:52'),
(462, 'Georgiana Glover', '214 Predovic Forge\nKulasview, CT 89430-1291', '+1-357-958-3409', 'engineering', '2017-10-06 17:02:52', '2017-10-06 17:02:52'),
(463, 'Arturo Tillman', '92287 Vaughn Knolls\nNew Bradfordton, IN 36105', '762-535-5840 x0495', 'physics', '2017-10-06 17:02:52', '2017-10-06 17:02:52'),
(464, 'Serena Flatley', '7491 Lueilwitz Squares Apt. 965\nSouth Levimouth, NJ 69101-2286', '797-888-0215 x17207', 'physics', '2017-10-06 17:02:52', '2017-10-06 17:02:52'),
(465, 'Melisa Marvin', '40359 Brendan Avenue Apt. 879\nSouth Brandon, IN 91608-4531', '+1.319.373.6173', 'engineering', '2017-10-06 17:02:52', '2017-10-06 17:02:52'),
(466, 'Nola Larson', '929 Connelly Circle Apt. 476\nKrajcikmouth, HI 00935-0235', '709.546.5177 x86982', 'engineering', '2017-10-06 17:02:52', '2017-10-06 17:02:52'),
(467, 'Zackary Zemlak', '2566 Schimmel Place\nLake Sage, NC 91961-5848', '1-579-787-9138', 'engineering', '2017-10-06 17:02:52', '2017-10-06 17:02:52'),
(468, 'Vivien Armstrong', '6234 Gerhard Mount Suite 488\nMohammadmouth, MI 05400', '1-791-785-6552 x1757', 'physics', '2017-10-06 17:02:52', '2017-10-06 17:02:52'),
(469, 'Trenton Bailey MD', '68246 Jamison Lakes Suite 904\nNew Stephanie, GA 50968-5116', '651.730.3793', 'math', '2017-10-06 17:02:52', '2017-10-06 17:02:52'),
(470, 'Louie Lang DDS', '44254 Boyle Hill\nEast Berniceshire, NH 15132-0718', '(715) 726-4794 x6635', 'engineering', '2017-10-06 17:02:52', '2017-10-06 17:02:52'),
(471, 'Estelle Schuster', '58729 Weissnat Cape Suite 113\nEast Donnell, VA 31440-3265', '317.824.2407 x87698', 'math', '2017-10-06 17:02:52', '2017-10-06 17:02:52'),
(472, 'Jan Cole', '23881 Rohan Dale Apt. 658\nNorth Wilburnberg, TX 41119', '758.830.2450', 'engineering', '2017-10-06 17:02:52', '2017-10-06 17:02:52'),
(473, 'Tracy Heidenreich', '715 Rempel Junction\nCamronland, TN 54996', '1-342-650-4988 x457', 'math', '2017-10-06 17:02:52', '2017-10-06 17:02:52'),
(474, 'Shane Johns V', '32577 Avery Path Apt. 767\nGreenholtview, CT 30623-9132', '(601) 762-8126 x8577', 'physics', '2017-10-06 17:02:52', '2017-10-06 17:02:52'),
(475, 'Elvera Buckridge', '53927 Donnelly Ramp Apt. 684\nBrendonfort, VA 80211-8983', '(323) 788-9849', 'math', '2017-10-06 17:02:52', '2017-10-06 17:02:52'),
(476, 'Kendall Brekke', '274 Haag Skyway\nEast Loma, OH 23028-8580', '215.749.4603', 'physics', '2017-10-06 17:02:52', '2017-10-06 17:02:52'),
(477, 'Marlen Hessel', '61168 Kuhic Mountains\nNorth Montefort, RI 36811', '786.996.2428 x1729', 'physics', '2017-10-06 17:02:52', '2017-10-06 17:02:52'),
(478, 'Ines Bode', '500 Elenora Passage Apt. 669\nMabelshire, RI 63207', '+1 (921) 565-3597', 'math', '2017-10-06 17:02:52', '2017-10-06 17:02:52'),
(479, 'Teagan Romaguera', '759 Anita Stream\nSouth Chayastad, PA 35621-4319', '401-430-8701 x76815', 'engineering', '2017-10-06 17:02:52', '2017-10-06 17:02:52'),
(480, 'Virginie Emmerich', '63434 Schuster Trail\nAdrianastad, ID 56646', '334-996-3770', 'math', '2017-10-06 17:02:52', '2017-10-06 17:02:52'),
(481, 'Dr. Gerardo Kuvalis', '65199 Sauer Park\nBahringerside, WV 55133', '(658) 699-0557 x00884', 'math', '2017-10-06 17:02:52', '2017-10-06 17:02:52'),
(482, 'Anjali Fahey', '731 Monahan Shore Apt. 640\nEast Joan, SD 76393-9715', '886-501-2243', 'math', '2017-10-06 17:02:52', '2017-10-06 17:02:52'),
(483, 'Corine Herman', '852 Wehner Road Suite 159\nBertshire, ID 64063', '310-462-6432', 'engineering', '2017-10-06 17:02:52', '2017-10-06 17:02:52'),
(484, 'Pat Lehner', '7724 Elmore Greens Suite 691\nDooleystad, MS 01745', '1-765-862-1183', 'physics', '2017-10-06 17:02:52', '2017-10-06 17:02:52'),
(485, 'Trisha Mueller', '8985 Erdman Rapid Suite 150\nMrazton, NM 10768', '1-514-416-9815', 'math', '2017-10-06 17:02:52', '2017-10-06 17:02:52'),
(486, 'Demetrius Zulauf III', '847 Schmitt Vista\nLake Brockville, DC 18681-4790', '+17252666348', 'physics', '2017-10-06 17:02:52', '2017-10-06 17:02:52'),
(487, 'Harmon Batz DVM', '42445 Bins Square Apt. 714\nJaidatown, LA 97628', '684.901.9339 x729', 'physics', '2017-10-06 17:02:52', '2017-10-06 17:02:52'),
(488, 'Prof. Nola Kohler DVM', '42724 Stanton Shoal Apt. 298\nHellerton, IA 76728', '+1-748-598-2504', 'physics', '2017-10-06 17:02:52', '2017-10-06 17:02:52'),
(489, 'Rashad Jacobson', '24951 Borer Forges\nBreitenbergtown, PA 42222-5870', '(271) 421-9302', 'physics', '2017-10-06 17:02:52', '2017-10-06 17:02:52'),
(490, 'Gaylord Johnston IV', '981 Norene Islands Suite 122\nKarianeburgh, NE 34668', '498-677-9148', 'physics', '2017-10-06 17:02:52', '2017-10-06 17:02:52'),
(491, 'Yessenia Hahn', '904 Una Circle\nNorth Murphybury, UT 13392', '923.590.8480 x4223', 'math', '2017-10-06 17:02:52', '2017-10-06 17:02:52'),
(492, 'Geovanny Boehm Sr.', '33185 Okey Harbors\nHerbertland, HI 84137', '1-462-933-0004 x4773', 'physics', '2017-10-06 17:02:52', '2017-10-06 17:02:52'),
(493, 'Mable Dickinson DVM', '74684 Wyman Alley Apt. 505\nNorth Alekburgh, OH 67757', '579-764-9726', 'engineering', '2017-10-06 17:02:52', '2017-10-06 17:02:52'),
(494, 'Lela Rolfson', '78139 Kimberly Estate Suite 799\nWest Omerberg, VT 10791-7953', '+14467554753', 'physics', '2017-10-06 17:02:52', '2017-10-06 17:02:52'),
(495, 'Prof. Karl Swaniawski V', '1810 Deckow Ramp\nWest Anitashire, TN 49278', '206-392-7007 x71909', 'math', '2017-10-06 17:02:52', '2017-10-06 17:02:52'),
(496, 'Shawn Russel IV', '8594 Rebecca Trace Suite 081\nPort Jedidiahville, MI 79553-0300', '603.817.8064 x08780', 'math', '2017-10-06 17:02:52', '2017-10-06 17:02:52'),
(497, 'Sammy Barton', '9514 Christiansen Highway Suite 911\nTonifort, AR 54419-4002', '+1-576-365-9820', 'engineering', '2017-10-06 17:02:52', '2017-10-06 17:02:52'),
(498, 'Sierra Koepp', '58131 Turner Cove Apt. 970\nPort Destiney, MT 99035-1895', '1-402-240-9583 x839', 'engineering', '2017-10-06 17:02:52', '2017-10-06 17:02:52'),
(499, 'Dessie Boehm', '497 Koss Viaduct Apt. 216\nNew Shadmouth, TX 40264-5976', '1-273-537-9362', 'math', '2017-10-06 17:02:52', '2017-10-06 17:02:52'),
(500, 'Oma Kling', '29215 Caden Street Suite 419\nSouth Gus, NJ 49676', '+1-331-431-7555', 'math', '2017-10-06 17:02:52', '2017-10-06 17:02:52');

-- --------------------------------------------------------

--
-- Table structure for table `teachers`
--

DROP TABLE IF EXISTS `teachers`;
CREATE TABLE IF NOT EXISTS `teachers` (
  `id` int(10) UNSIGNED NOT NULL AUTO_INCREMENT,
  `name` varchar(255) COLLATE utf8_unicode_ci NOT NULL,
  `address` varchar(255) COLLATE utf8_unicode_ci NOT NULL,
  `phone` varchar(255) COLLATE utf8_unicode_ci NOT NULL,
  `profession` varchar(255) COLLATE utf8_unicode_ci NOT NULL,
  `created_at` timestamp NOT NULL DEFAULT '0000-00-00 00:00:00',
  `updated_at` timestamp NOT NULL DEFAULT '0000-00-00 00:00:00',
  PRIMARY KEY (`id`)
) ENGINE=MyISAM AUTO_INCREMENT=51 DEFAULT CHARSET=utf8 COLLATE=utf8_unicode_ci;

--
-- Dumping data for table `teachers`
--

INSERT INTO `teachers` (`id`, `name`, `address`, `phone`, `profession`, `created_at`, `updated_at`) VALUES
(1, 'Arely O\'Hara', '820 Towne Lane Suite 694\nJaclynborough, CO 50841-6646', '812-946-2805', 'physics', '2017-10-06 17:02:52', '2017-10-06 17:02:52'),
(2, 'Dr. Virgie Rice Sr.', '4945 Kutch Ports Apt. 154\nWest Cary, NV 36965-9850', '(554) 514-7139 x76597', 'math', '2017-10-06 17:02:52', '2017-10-06 17:02:52'),
(3, 'Mrs. Frederique Bernier', '525 Tremblay Flat Apt. 574\nAudraside, SD 67700', '1-219-561-6854', 'physics', '2017-10-06 17:02:52', '2017-10-06 17:02:52'),
(4, 'Clarabelle Gleichner IV', '56393 Gennaro Stravenue\nJoellemouth, WI 76506', '(958) 765-8453', 'math', '2017-10-06 17:02:52', '2017-10-06 17:02:52'),
(5, 'Cooper Donnelly', '2758 Jast Causeway\nPort Kiara, DC 43004', '260-416-9796', 'physics', '2017-10-06 17:02:52', '2017-10-06 17:02:52'),
(6, 'Maria Wunsch', '2636 Buster Square Suite 906\nHermannville, IA 92824-9500', '(697) 660-7657', 'physics', '2017-10-06 17:02:52', '2017-10-06 17:02:52'),
(7, 'Kelton Moore', '6932 Sydney Hill\nNorth Zita, ND 57547', '+1.465.992.4712', 'math', '2017-10-06 17:02:52', '2017-10-06 17:02:52'),
(8, 'Ima Towne', '88848 Dexter Union Suite 136\nPort Isabelle, CO 29118', '+1 (907) 204-5382', 'physics', '2017-10-06 17:02:52', '2017-10-06 17:02:52'),
(9, 'Miss Anna Steuber', '6918 Letitia Plaza\nParisianborough, FL 25044', '738-859-7650 x569', 'math', '2017-10-06 17:02:52', '2017-10-06 17:02:52'),
(10, 'Lawson Howe', '93965 Bechtelar Groves Apt. 746\nEast Chelsea, IN 80216-8070', '1-710-888-3772', 'math', '2017-10-06 17:02:52', '2017-10-06 17:02:52'),
(11, 'Prof. Eve Howell', '57374 Gabrielle Divide Apt. 652\nWainoberg, SC 31451', '294-510-6905 x00161', 'math', '2017-10-06 17:02:52', '2017-10-06 17:02:52'),
(12, 'Ruthie Streich', '5503 Cecelia Fords\nNorth Carolina, PA 03870-0962', '313-618-8503 x638', 'math', '2017-10-06 17:02:52', '2017-10-06 17:02:52'),
(13, 'Emely Flatley', '54294 Hudson Locks Suite 105\nEast Fabiola, AL 93168-0575', '630.875.6891 x282', 'physics', '2017-10-06 17:02:52', '2017-10-06 17:02:52'),
(14, 'Prof. Rose Watsica PhD', '25165 Francesca Knolls Suite 480\nWest Myrl, MA 59287-8462', '+1-216-492-1691', 'engineering', '2017-10-06 17:02:52', '2017-10-06 17:02:52'),
(15, 'Aron Marks', '2598 Mekhi Plains\nLake Ciara, GA 91503', '1-389-613-7247', 'physics', '2017-10-06 17:02:52', '2017-10-06 17:02:52'),
(16, 'Vella Windler DDS', '8869 Gutmann Springs Apt. 787\nO\'Reillyville, GA 37808-1112', '(590) 482-6066 x4283', 'physics', '2017-10-06 17:02:52', '2017-10-06 17:02:52'),
(17, 'Rahul Brown Sr.', '128 Pasquale Mountains\nEast Jesseland, AZ 47043', '+1-485-894-3146', 'math', '2017-10-06 17:02:52', '2017-10-06 17:02:52'),
(18, 'Nannie Reichert PhD', '952 Meghan Hills\nReynoldsburgh, OH 54971-3650', '879.528.5167 x5583', 'math', '2017-10-06 17:02:52', '2017-10-06 17:02:52'),
(19, 'Prof. Dexter Luettgen', '319 Reichel Trace Suite 906\nFernside, IN 21110-1811', '+18733311265', 'math', '2017-10-06 17:02:52', '2017-10-06 17:02:52'),
(20, 'Clara Smith DDS', '438 Ruth Highway Apt. 525\nLeuschkemouth, TN 10125-4051', '523-933-3053 x22412', 'physics', '2017-10-06 17:02:52', '2017-10-06 17:02:52'),
(21, 'Magdalena Altenwerth', '9156 Wilmer Land\nNew Arlene, MD 85363', '1-465-499-4317 x8919', 'physics', '2017-10-06 17:02:52', '2017-10-06 17:02:52'),
(22, 'Van Fadel', '38994 Treutel Street\nPort Albin, LA 29768-1879', '(315) 994-9437 x05052', 'physics', '2017-10-06 17:02:52', '2017-10-06 17:02:52'),
(23, 'Dr. Lawrence D\'Amore', '249 Schulist Light\nOwenbury, VA 77973-1221', '(407) 841-7036', 'physics', '2017-10-06 17:02:52', '2017-10-06 17:02:52'),
(24, 'Jewell Leannon', '941 Monique Tunnel\nEmiliehaven, CO 88492', '1-631-256-6220 x549', 'engineering', '2017-10-06 17:02:52', '2017-10-06 17:02:52'),
(25, 'Prof. Tobin Hilll MD', '2294 Purdy Ranch Suite 232\nAxelchester, CO 38486', '789-639-2047 x03056', 'math', '2017-10-06 17:02:52', '2017-10-06 17:02:52'),
(26, 'Dr. Francisco Marquardt IV', '217 Chadrick Junction Apt. 053\nBeattyhaven, MA 06638-3503', '+13913154130', 'physics', '2017-10-06 17:02:52', '2017-10-06 17:02:52'),
(27, 'Miss Elfrieda Pouros', '2109 Keeley Greens\nWelchstad, RI 06588-7891', '886.318.2124', 'engineering', '2017-10-06 17:02:52', '2017-10-06 17:02:52'),
(28, 'Dr. Sadie Wisoky II', '623 Enola Highway\nTraceychester, KY 14866', '1-448-950-5579', 'physics', '2017-10-06 17:02:52', '2017-10-06 17:02:52'),
(29, 'Edna Yost', '73230 Gottlieb Circle\nSanfordton, OH 30502', '+1-365-754-7907', 'engineering', '2017-10-06 17:02:52', '2017-10-06 17:02:52'),
(30, 'Mrs. Lindsay Boyle V', '39536 Lindgren Summit Apt. 652\nNorth Sandy, IA 26576-2047', '206.572.1922 x3347', 'engineering', '2017-10-06 17:02:52', '2017-10-06 17:02:52'),
(31, 'Edythe Von', '75652 Jenifer Creek\nDiamondville, CO 14788-3848', '535-515-5946', 'math', '2017-10-06 17:02:52', '2017-10-06 17:02:52'),
(32, 'Alfredo Becker', '7198 Twila Falls Suite 634\nLake Josefa, MN 63293-4350', '452.754.0872', 'math', '2017-10-06 17:02:52', '2017-10-06 17:02:52'),
(33, 'Hilton Rippin', '1627 Drew Ways Suite 695\nNorth Murrayside, KY 13846', '+1.884.894.1514', 'engineering', '2017-10-06 17:02:52', '2017-10-06 17:02:52'),
(34, 'Donald Turner', '199 Grimes Islands\nHarveyland, AZ 91401', '+1.989.858.2815', 'math', '2017-10-06 17:02:52', '2017-10-06 17:02:52'),
(35, 'Paris Breitenberg', '12578 Hickle Spur Suite 719\nPort Daveport, WY 28984-6097', '340.967.8234 x24669', 'engineering', '2017-10-06 17:02:52', '2017-10-06 17:02:52'),
(36, 'Jayce Hickle Jr.', '556 Deckow Courts Suite 054\nNorth Porter, MA 28136', '(503) 560-1830', 'physics', '2017-10-06 17:02:52', '2017-10-06 17:02:52'),
(37, 'Laverna Hilpert Sr.', '42843 Von Circles\nWest Jazlynfurt, WY 20024', '390-727-5347 x0371', 'engineering', '2017-10-06 17:02:52', '2017-10-06 17:02:52'),
(38, 'Taylor Luettgen', '6024 Kilback Divide\nPort Scotty, IA 97572', '827-623-8645', 'physics', '2017-10-06 17:02:52', '2017-10-06 17:02:52'),
(39, 'Morgan Boyer', '234 Bertha Inlet Suite 537\nChasitychester, WY 18588-5913', '783.775.1028 x21187', 'physics', '2017-10-06 17:02:52', '2017-10-06 17:02:52'),
(40, 'Kiana Cassin', '1989 Wyman Lights\nWest Cierra, UT 29609', '(728) 890-9723 x417', 'physics', '2017-10-06 17:02:52', '2017-10-06 17:02:52'),
(41, 'Frederick Christiansen', '672 Brown Prairie Suite 525\nRosinachester, MT 19460-3292', '+1.350.863.1663', 'math', '2017-10-06 17:02:52', '2017-10-06 17:02:52'),
(42, 'Felipe Hayes', '2826 Volkman Extensions Suite 125\nNedraport, AZ 50354', '565-340-2173 x28509', 'math', '2017-10-06 17:02:52', '2017-10-06 17:02:52'),
(43, 'Rodrigo Ondricka', '3637 Dominic Ranch Apt. 853\nHeidiview, ID 94742-0185', '1-989-391-7679', 'physics', '2017-10-06 17:02:52', '2017-10-06 17:02:52'),
(44, 'Allison Simonis', '823 Reichert Brooks\nStromantown, IL 91151', '506.561.6988', 'physics', '2017-10-06 17:02:52', '2017-10-06 17:02:52'),
(45, 'Elliot Sanford', '9758 Walker Branch\nChristopborough, ND 47995-8474', '262-449-7329 x07485', 'physics', '2017-10-06 17:02:52', '2017-10-06 17:02:52'),
(46, 'Thad Schultz', '44325 Roma Falls\nKennedyberg, NY 93896-0686', '+13432178054', 'math', '2017-10-06 17:02:52', '2017-10-06 17:02:52'),
(47, 'Blanche Buckridge', '938 Strosin Summit\nEast Jaren, ID 16652', '+13398783909', 'engineering', '2017-10-06 17:02:52', '2017-10-06 17:02:52'),
(48, 'Prof. Sylvester Huel', '76744 Domenica Knoll\nArmstrongland, IA 53549-8418', '221-327-8472', 'physics', '2017-10-06 17:02:52', '2017-10-06 17:02:52'),
(49, 'Chyna Cummerata', '256 Lemke Forest\nKohlerview, OH 72563-0532', '+1 (326) 763-9379', 'engineering', '2017-10-06 17:02:52', '2017-10-06 17:02:52'),
(50, 'Cydney Beatty', '599 Oberbrunner Gateway\nCummeratashire, TN 55025-2203', '313-463-3493 x31012', 'physics', '2017-10-06 17:02:52', '2017-10-06 17:02:52');
COMMIT;

/*!40101 SET CHARACTER_SET_CLIENT=@OLD_CHARACTER_SET_CLIENT */;
/*!40101 SET CHARACTER_SET_RESULTS=@OLD_CHARACTER_SET_RESULTS */;
/*!40101 SET COLLATION_CONNECTION=@OLD_COLLATION_CONNECTION */;
